-- phpMyAdmin SQL Dump
-- version 4.5.2
-- http://www.phpmyadmin.net
--
-- Host: localhost
-- Generation Time: Dec 02, 2016 at 05:20 PM
-- Server version: 10.1.10-MariaDB
-- PHP Version: 5.6.19

SET SQL_MODE = "NO_AUTO_VALUE_ON_ZERO";
SET time_zone = "+00:00";


/*!40101 SET @OLD_CHARACTER_SET_CLIENT=@@CHARACTER_SET_CLIENT */;
/*!40101 SET @OLD_CHARACTER_SET_RESULTS=@@CHARACTER_SET_RESULTS */;
/*!40101 SET @OLD_COLLATION_CONNECTION=@@COLLATION_CONNECTION */;
/*!40101 SET NAMES utf8mb4 */;

--
-- Database: `db_e-surat`
--

-- --------------------------------------------------------

--
-- Table structure for table `tb_agenda`
--

CREATE TABLE `tb_agenda` (
  `id` int(11) NOT NULL,
  `idsurat` int(11) NOT NULL,
  `tipeagenda` int(11) NOT NULL,
  `noagenda` int(11) NOT NULL,
  `idsatuankerja` int(11) NOT NULL,
  `tanggal` date NOT NULL
) ENGINE=InnoDB DEFAULT CHARSET=latin1;

--
-- Dumping data for table `tb_agenda`
--

INSERT INTO `tb_agenda` (`id`, `idsurat`, `tipeagenda`, `noagenda`, `idsatuankerja`, `tanggal`) VALUES
(49, 42, 2, 111, 30, '2016-12-01'),
(50, 42, 1, 123, 21, '2016-12-01'),
(52, 45, 2, 11, 26, '2016-12-01'),
(54, 45, 1, 1, 30, '2016-12-01'),
(55, 47, 2, 781, 26, '2016-12-02'),
(56, 47, 1, 2, 30, '2016-12-02'),
(57, 47, 1, 4444, 26, '2016-12-02'),
(58, 48, 2, 99887766, 30, '2016-12-02'),
(66, 55, 1, 213, 15, '2016-12-02');

-- --------------------------------------------------------

--
-- Table structure for table `tb_approval`
--

CREATE TABLE `tb_approval` (
  `id` int(11) NOT NULL,
  `id_surat` varchar(100) NOT NULL,
  `tanggal_terima` date NOT NULL,
  `no_agenda` varchar(100) NOT NULL,
  `tanggal_disposisi` date NOT NULL,
  `pengirim_disposisi` varchar(250) NOT NULL,
  `tujuan_disposisi` varchar(250) NOT NULL,
  `isi_disposisi` varchar(250) NOT NULL,
  `status_proses` varchar(250) NOT NULL,
  `createddate` date NOT NULL,
  `createdby` varchar(100) NOT NULL,
  `modifieddate` date NOT NULL,
  `modifiedby` varchar(100) NOT NULL
) ENGINE=InnoDB DEFAULT CHARSET=latin1;

--
-- Dumping data for table `tb_approval`
--

INSERT INTO `tb_approval` (`id`, `id_surat`, `tanggal_terima`, `no_agenda`, `tanggal_disposisi`, `pengirim_disposisi`, `tujuan_disposisi`, `isi_disposisi`, `status_proses`, `createddate`, `createdby`, `modifieddate`, `modifiedby`) VALUES
(26, '21', '0000-00-00', '', '0000-00-00', '', 'DIREKTORAT PENGEMBANGAN EKONOMI LOKAL', 'di tindak lanjutin', '', '2016-11-24', 'Dirjen', '0000-00-00', ''),
(27, '21', '0000-00-00', '', '0000-00-00', '', 'DIREKTORAT PENINGKATAN SARANA DAN PRASARANA', 'di tindak lanjutin', '', '2016-11-24', 'Dirjen', '0000-00-00', ''),
(28, '21', '0000-00-00', '', '0000-00-00', '', 'DIREKTORAT PENGEMBANGAN SUMBER DAYA DAN LINGKUNGAN HIDUP', 'd', '', '2016-11-24', 'Dirjen', '0000-00-00', '');

-- --------------------------------------------------------

--
-- Table structure for table `tb_berkas`
--

CREATE TABLE `tb_berkas` (
  `id` int(11) NOT NULL,
  `id_unit_kerja` varchar(100) NOT NULL,
  `id_klasifikasi` varchar(100) NOT NULL,
  `no_berkas` varchar(100) NOT NULL,
  `judul_berkas` varchar(100) NOT NULL,
  `masa_aktif` date NOT NULL,
  `masa_inaktif` date NOT NULL,
  `tindakan_penyusutan_akhir` varchar(100) NOT NULL,
  `lokasi_berkas_fisik` varchar(100) NOT NULL,
  `isi_ringkas` text NOT NULL,
  `createddate` datetime NOT NULL,
  `createdby` varchar(100) NOT NULL,
  `modifieddate` datetime NOT NULL,
  `modifiedby` varchar(100) NOT NULL
) ENGINE=InnoDB DEFAULT CHARSET=latin1;

--
-- Dumping data for table `tb_berkas`
--

INSERT INTO `tb_berkas` (`id`, `id_unit_kerja`, `id_klasifikasi`, `no_berkas`, `judul_berkas`, `masa_aktif`, `masa_inaktif`, `tindakan_penyusutan_akhir`, `lokasi_berkas_fisik`, `isi_ringkas`, `createddate`, `createdby`, `modifieddate`, `modifiedby`) VALUES
(1, '3', '1', '001/2016', 'Judul berkas', '2016-12-31', '2016-12-31', 'Dinilai Kembali', 'Jakarta', 'Isi', '2016-11-17 00:07:28', 'Administrator Pusat', '2016-11-18 14:13:26', 'Administrator Pusat'),
(2, '3', '1', '001/2017', 'Berkas Kosong', '2016-11-10', '2016-12-31', 'Dinilai Kembali', 'Jakarta', 'isi1', '2016-11-17 14:09:07', 'Administrator Pusat', '2016-11-18 14:56:17', 'Administrator Pusat');

-- --------------------------------------------------------

--
-- Table structure for table `tb_disposisi`
--

CREATE TABLE `tb_disposisi` (
  `id` int(11) NOT NULL,
  `idsurat` varchar(100) NOT NULL,
  `noagendasuratmasuk` int(11) NOT NULL,
  `tanggalterima` date NOT NULL,
  `tanggaldisposisi` date NOT NULL,
  `idpengirimdisposisi` varchar(250) NOT NULL,
  `idtujuandisposisi` varchar(250) NOT NULL,
  `keterangan` varchar(250) NOT NULL,
  `idmasterdisposisi` varchar(250) NOT NULL,
  `tindakan` varchar(100) NOT NULL,
  `status_proses` varchar(250) NOT NULL,
  `createddate` date NOT NULL,
  `createdby` varchar(100) NOT NULL,
  `modifieddate` date NOT NULL,
  `modifiedby` varchar(100) NOT NULL
) ENGINE=InnoDB DEFAULT CHARSET=latin1;

--
-- Dumping data for table `tb_disposisi`
--

INSERT INTO `tb_disposisi` (`id`, `idsurat`, `noagendasuratmasuk`, `tanggalterima`, `tanggaldisposisi`, `idpengirimdisposisi`, `idtujuandisposisi`, `keterangan`, `idmasterdisposisi`, `tindakan`, `status_proses`, `createddate`, `createdby`, `modifieddate`, `modifiedby`) VALUES
(30, '45', 1, '2016-12-03', '2016-12-02', '3', '6', 'Mohon Di Tindak lanjuti', '4', 'Di Disposisi', '', '0000-00-00', '', '0000-00-00', ''),
(32, '45', 1, '2016-12-05', '2016-12-03', '6', '5', 'Mohon Di Tindak lanjuti', '4', 'Di Disposisi', '', '0000-00-00', '', '0000-00-00', ''),
(33, '45', 1, '2016-12-05', '2016-12-05', '5', '8', 'Di Laksanakan', '4', 'Di Laksanakan', '', '0000-00-00', '', '0000-00-00', ''),
(34, '45', 1, '2016-12-03', '2016-12-02', '3', '4', 'Mohon Di Tindak lanjuti', '4', 'Di Kembalikan', '', '0000-00-00', '', '0000-00-00', ''),
(37, '55', 213, '0000-00-00', '0000-00-00', '2', '3', 'sfsd', '4', 'Di Disposisi', '', '0000-00-00', '', '0000-00-00', ''),
(38, '55', 213, '0000-00-00', '0000-00-00', '2', '4', 'sfsd', '4', 'Di Disposisi', '', '0000-00-00', '', '0000-00-00', ''),
(39, '55', 213, '0000-00-00', '0000-00-00', '2', '5', 'sfsd', '4', 'Di Disposisi', '', '0000-00-00', '', '0000-00-00', ''),
(40, '55', 213, '0000-00-00', '0000-00-00', '3', '5', 'test', '1', 'Di Laksanakan', '', '0000-00-00', '', '0000-00-00', ''),
(41, '55', 213, '0000-00-00', '0000-00-00', '5', '8', 'tset', '1', '', '', '0000-00-00', '', '0000-00-00', '');

-- --------------------------------------------------------

--
-- Table structure for table `tb_isidisposisi`
--

CREATE TABLE `tb_isidisposisi` (
  `id` int(11) NOT NULL,
  `iddisposisi` varchar(100) NOT NULL,
  `isi_disposisi` varchar(250) NOT NULL
) ENGINE=InnoDB DEFAULT CHARSET=latin1;

-- --------------------------------------------------------

--
-- Table structure for table `tb_jabatan`
--

CREATE TABLE `tb_jabatan` (
  `id` int(11) NOT NULL,
  `jabatan` varchar(150) NOT NULL,
  `direktorat` varchar(250) NOT NULL,
  `level` varchar(100) NOT NULL,
  `createddate` date NOT NULL,
  `createdby` varchar(100) NOT NULL,
  `modifieddate` date NOT NULL,
  `modifiedby` varchar(100) NOT NULL
) ENGINE=InnoDB DEFAULT CHARSET=latin1;

--
-- Dumping data for table `tb_jabatan`
--

INSERT INTO `tb_jabatan` (`id`, `jabatan`, `direktorat`, `level`, `createddate`, `createdby`, `modifieddate`, `modifiedby`) VALUES
(15, 'Direktur Jenderal Pembangunan Derah Tertinggal', 'DIREKTORAT JENDERAL PEMBANGUNAN DAERAH TERTINGGAL DAN TRANSMIGRASI', 'Pimpinan', '2016-11-22', 'Administrator Pusat', '2016-11-26', 'Staff Dirjen'),
(16, 'Sesditjen, Ditjen PDT Kemendesa PDTT', 'DIREKTORAT JENDERAL PEMBANGUNAN DAERAH TERTINGGAL DAN TRANSMIGRASI', 'Staff', '2016-11-22', 'Administrator Pusat', '2016-11-26', 'Staff Dirjen'),
(17, 'Kabag Hukum, Organisasi dan Tata Laksana', 'DIREKTORAT JENDERAL PEMBANGUNAN DAERAH TERTINGGAL DAN TRANSMIGRASI', 'Pimpinan', '2016-11-22', 'Administrator Pusat', '2016-11-26', 'Staff Dirjen'),
(18, 'Kabag Perencanaan', 'DIREKTORAT JENDERAL PEMBANGUNAN DAERAH TERTINGGAL DAN TRANSMIGRASI', 'Pimpinan', '2016-11-22', 'Administrator Pusat', '2016-11-26', 'Staff Dirjen'),
(19, 'staff PNS Subdit Inovasi dan Penerapan Teknologi', 'DIREKTORAT JENDERAL PEMBANGUNAN DAERAH TERTINGGAL DAN TRANSMIGRASI', 'Staff', '2016-11-26', 'Staff Dirjen', '0000-00-00', ''),
(20, 'Staf PNS Kepegawaian dan Umum', 'DIREKTORAT JENDERAL PEMBANGUNAN DAERAH TERTINGGAL DAN TRANSMIGRASI', 'Staff', '2016-11-26', 'Staff Dirjen', '0000-00-00', ''),
(21, 'Direktur Perencanaan Dan Identifikasi Daerah Tertinggal', 'DIREKTORAT PERENCANAAN DAN IDENTIFIKASI DAERAH TERTINGGAL', 'Pimpinan', '2016-11-26', 'Staff Dirjen', '0000-00-00', ''),
(22, 'Kasubdit Penyusunan Indikator Daerah Tertinggal', 'DIREKTORAT PERENCANAAN DAN IDENTIFIKASI DAERAH TERTINGGAL', 'Pimpinan', '2016-11-26', 'Staff Dirjen', '0000-00-00', ''),
(23, 'Kasubag Tata Usaha', 'DIREKTORAT PERENCANAAN DAN IDENTIFIKASI DAERAH TERTINGGAL', 'Pimpinan', '2016-11-26', 'Staff Dirjen', '0000-00-00', ''),
(24, 'Kasi Pelaporan', 'DIREKTORAT PERENCANAAN DAN IDENTIFIKASI DAERAH TERTINGGAL', 'Pimpinan', '2016-11-26', 'Staff Dirjen', '0000-00-00', ''),
(25, 'Staf Pengumpul dan Analisis', 'DIREKTORAT PERENCANAAN DAN IDENTIFIKASI DAERAH TERTINGGAL', 'Staff', '2016-11-26', 'Staff Dirjen', '0000-00-00', ''),
(26, 'Direktur Pengembangan Sumber Daya Manusia', 'DIREKTORAT PENGEMBANGAN SUMBER DAYA MANUSIA', 'Pimpinan', '2016-11-26', 'Staff Dirjen', '0000-00-00', ''),
(27, 'Kasubdit Keterampilan', 'DIREKTORAT PENGEMBANGAN SUMBER DAYA MANUSIA', 'Pimpinan', '2016-11-26', 'Staff Dirjen', '0000-00-00', ''),
(28, 'Staf PNS Kasubdit Pendidikan', 'DIREKTORAT PENGEMBANGAN SUMBER DAYA MANUSIA', 'Staff', '2016-11-26', 'Staff Dirjen', '0000-00-00', ''),
(29, 'PLH Direktur Jenderal Pembangunan Derah Tertinggal', 'DIREKTORAT JENDERAL PEMBANGUNAN DAERAH TERTINGGAL DAN TRANSMIGRASI', 'Pimpinan', '2016-11-26', 'Ir. Razali, M.si', '0000-00-00', '');

-- --------------------------------------------------------

--
-- Table structure for table `tb_jenissurat`
--

CREATE TABLE `tb_jenissurat` (
  `id` int(11) NOT NULL,
  `jenissurat` varchar(150) NOT NULL,
  `createddate` date NOT NULL,
  `createdby` varchar(100) NOT NULL,
  `modifieddate` date NOT NULL,
  `modifiedby` varchar(100) NOT NULL
) ENGINE=InnoDB DEFAULT CHARSET=latin1;

--
-- Dumping data for table `tb_jenissurat`
--

INSERT INTO `tb_jenissurat` (`id`, `jenissurat`, `createddate`, `createdby`, `modifieddate`, `modifiedby`) VALUES
(4, 'Nota Dinas', '2016-11-16', 'Administrator Pusat', '0000-00-00', ''),
(5, 'Surat Undangan', '2016-11-16', 'Administrator Pusat', '0000-00-00', '');

-- --------------------------------------------------------

--
-- Table structure for table `tb_klasifikasi`
--

CREATE TABLE `tb_klasifikasi` (
  `id` int(11) NOT NULL,
  `kode` varchar(100) NOT NULL,
  `nama` varchar(100) NOT NULL,
  `deskripsi` text NOT NULL,
  `masa_aktif` date NOT NULL,
  `masa_inaktif` date NOT NULL,
  `penyusutan_akhir` varchar(100) NOT NULL,
  `status_aktif` varchar(100) NOT NULL,
  `createddate` datetime NOT NULL,
  `createdby` varchar(100) NOT NULL,
  `modifieddate` datetime NOT NULL,
  `modifiedby` varchar(100) NOT NULL
) ENGINE=InnoDB DEFAULT CHARSET=latin1;

--
-- Dumping data for table `tb_klasifikasi`
--

INSERT INTO `tb_klasifikasi` (`id`, `kode`, `nama`, `deskripsi`, `masa_aktif`, `masa_inaktif`, `penyusutan_akhir`, `status_aktif`, `createddate`, `createdby`, `modifieddate`, `modifiedby`) VALUES
(1, 'KD001', 'Semua Klasifikasi', 'Klasifikas Induk', '2016-11-30', '2016-11-30', 'Dinilai Kembali', 'Aktif', '2016-11-16 22:44:55', 'Administrator Pusat', '2016-11-18 14:06:42', 'Administrator Pusat'),
(2, 'KD003', 'Standar Klasfikasi', 'Deskripsi', '2018-01-05', '2016-12-31', 'Dinilai Kembali', 'Tidak Aktif', '2016-11-17 13:54:53', 'Administrator Pusat', '2016-11-18 14:07:31', 'Administrator Pusat');

-- --------------------------------------------------------

--
-- Table structure for table `tb_log`
--

CREATE TABLE `tb_log` (
  `id` int(11) NOT NULL,
  `username` varchar(250) NOT NULL,
  `date` datetime NOT NULL,
  `ket` text NOT NULL,
  `ip` text NOT NULL
) ENGINE=InnoDB DEFAULT CHARSET=latin1;

--
-- Dumping data for table `tb_log`
--

INSERT INTO `tb_log` (`id`, `username`, `date`, `ket`, `ip`) VALUES
(1, 'adminpejabat', '2016-11-18 10:46:52', '', '::1'),
(2, 'adminpusat', '2016-11-18 11:11:53', '', '::1'),
(3, 'adminpejabat', '2016-11-18 11:12:40', '', '::1'),
(4, 'adminpusat', '2016-11-18 11:15:17', '', '::1'),
(5, 'adminpejabat', '2016-11-18 11:17:06', '', '::1'),
(6, 'adminpusat', '2016-11-18 13:22:47', '', '::1'),
(7, 'adminpejabat', '2016-11-18 15:31:26', '', '::1'),
(8, 'adminsekretaris', '2016-11-20 13:57:23', '', '::1'),
(9, 'adminsekretaris', '2016-11-20 14:17:25', '', '::1'),
(10, 'adminsekretaris', '2016-11-20 14:46:20', '', '::1'),
(11, 'adminpejabat', '2016-11-20 20:50:05', '', '::1'),
(12, 'adminsekretaris', '2016-11-21 10:18:42', '', '::1'),
(13, 'adminpusat', '2016-11-21 10:24:28', '', '::1'),
(14, 'adminpejabat', '2016-11-21 10:24:43', '', '::1'),
(15, 'adminpusat', '2016-11-21 10:55:21', '', '::1'),
(16, 'adminsekretaris', '2016-11-21 11:30:34', '', '::1'),
(17, 'adminsekretaris', '2016-11-21 17:03:09', '', '::1'),
(18, 'adminpusat', '2016-11-21 18:17:39', '', '::1'),
(19, 'adminpejabat', '2016-11-21 18:17:52', '', '::1'),
(20, 'adminpejabat', '2016-11-21 18:36:17', '', '::1'),
(21, 'adminpusat', '2016-11-21 20:01:21', '', '::1'),
(22, 'adminsekretaris', '2016-11-21 20:02:59', '', '::1'),
(23, 'adminpusat', '2016-11-21 20:38:30', '', '::1'),
(24, 'adminpejabat', '2016-11-21 20:38:46', '', '::1'),
(25, 'adminsekretaris', '2016-11-21 20:52:47', '', '::1'),
(26, 'adminpejabat', '2016-11-21 21:01:00', '', '::1'),
(27, 'adminpusat', '2016-11-21 22:05:27', '', '::1'),
(28, 'adminpejabat', '2016-11-21 22:07:10', '', '::1'),
(29, 'adminpusat', '2016-11-22 00:20:51', '', '::1'),
(30, 'adminpencatat', '2016-11-22 09:51:56', '', '::1'),
(31, 'adminsekretaris', '2016-11-22 09:52:39', '', '::1'),
(32, 'adminpencatat', '2016-11-22 10:25:00', '', '::1'),
(33, 'staffdirjen', '2016-11-22 10:56:43', '', '::1'),
(34, 'adminpejabat', '2016-11-22 10:57:33', '', '::1'),
(35, 'dirjen', '2016-11-22 11:03:35', '', '::1'),
(36, 'staffdirjen', '2016-11-22 11:45:09', '', '::1'),
(37, 'dirjen', '2016-11-22 11:45:46', '', '::1'),
(38, 'staffdirjen', '2016-11-22 11:46:13', '', '::1'),
(39, 'dirjen', '2016-11-22 11:49:40', '', '::1'),
(40, 'staffdir', '2016-11-22 11:54:03', '', '::1'),
(41, 'staffdir1', '2016-11-22 12:00:40', '', '::1'),
(42, 'staffdir1', '2016-11-22 12:11:35', '', '::1'),
(43, 'staffdir2', '2016-11-22 12:13:33', '', '::1'),
(44, 'staffdir1', '2016-11-22 12:15:12', '', '::1'),
(45, 'dirjen', '2016-11-22 12:24:38', '', '::1'),
(46, 'staffdirjen', '2016-11-22 12:26:16', '', '::1'),
(47, 'staffdirjen', '2016-11-22 12:26:58', '', '::1'),
(48, 'staffdir1', '2016-11-22 12:27:39', '', '::1'),
(49, 'staffdirjen', '2016-11-22 12:29:08', '', '::1'),
(50, 'dirjen', '2016-11-22 12:29:32', '', '::1'),
(51, 'staffdir1', '2016-11-22 12:30:04', '', '::1'),
(52, 'staffdir2', '2016-11-22 12:49:22', '', '::1'),
(53, 'staffdir2', '2016-11-22 12:50:13', '', '::1'),
(54, 'staffdir1', '2016-11-22 12:50:42', '', '::1'),
(55, 'dir1', '2016-11-22 12:51:29', '', '::1'),
(56, 'dir1', '2016-11-22 12:54:59', '', '::1'),
(57, 'dir1', '2016-11-22 12:57:35', '', '::1'),
(58, 'dir2', '2016-11-22 12:58:43', '', '::1'),
(59, 'dir2', '2016-11-22 12:59:29', '', '::1'),
(60, 'dir1', '2016-11-22 12:59:51', '', '::1'),
(61, 'staffdir1', '2016-11-22 13:28:02', '', '::1'),
(62, 'dir1', '2016-11-22 13:28:16', '', '::1'),
(63, 'dirjen', '2016-11-22 13:35:51', '', '::1'),
(64, 'dir1', '2016-11-22 13:36:45', '', '::1'),
(65, 'staffsubdir1', '2016-11-22 13:58:38', '', '::1'),
(66, 'staffsubdir2', '2016-11-22 13:59:22', '', '::1'),
(67, 'subdir1', '2016-11-22 14:00:41', '', '::1'),
(68, 'subdir2', '2016-11-22 14:00:51', '', '::1'),
(69, 'staffsubdir2', '2016-11-22 14:02:10', '', '::1'),
(70, 'subdir2', '2016-11-22 14:02:25', '', '::1'),
(71, 'staffseksi1', '2016-11-22 15:23:04', '', '::1'),
(72, 'seksi1', '2016-11-22 15:28:58', '', '::1'),
(73, 'staffseksi1', '2016-11-22 15:46:01', '', '::1'),
(74, 'staff1', '2016-11-22 15:46:11', '', '::1'),
(75, 'staff1', '2016-11-22 15:49:39', '', '::1'),
(76, 'dirjen', '2016-11-22 20:21:16', '', '::1'),
(77, 'staffdirjen', '2016-11-22 20:23:39', '', '::1'),
(78, 'dirjen', '2016-11-22 20:30:56', '', '::1'),
(79, 'staffdirjen', '2016-11-22 20:32:23', '', '::1'),
(80, 'dirjen', '2016-11-22 20:35:52', '', '::1'),
(81, 'staffdir1', '2016-11-22 20:37:12', '', '::1'),
(82, 'staffdir2', '2016-11-22 20:37:28', '', '::1'),
(83, 'staffdir1', '2016-11-22 20:39:39', '', '::1'),
(84, 'staffdir2', '2016-11-22 20:40:29', '', '::1'),
(85, 'dir2', '2016-11-22 20:40:51', '', '::1'),
(86, 'staffdir2', '2016-11-22 20:41:10', '', '::1'),
(87, 'dir2', '2016-11-22 20:41:31', '', '::1'),
(88, 'staffdirjen', '2016-11-22 20:46:49', '', '::1'),
(89, 'staffdir2', '2016-11-22 21:07:49', '', '::1'),
(90, 'dir2', '2016-11-22 21:08:01', '', '::1'),
(91, 'dir2', '2016-11-22 21:08:53', '', '::1'),
(92, 'staffsubdir2', '2016-11-22 21:09:32', '', '::1'),
(93, 'staffsubdir2', '2016-11-22 21:10:23', '', '::1'),
(94, 'subdir2', '2016-11-22 21:10:47', '', '::1'),
(95, 'staffdirjen', '2016-11-22 21:12:13', '', '::1'),
(96, 'subdir2', '2016-11-22 21:13:05', '', '::1'),
(97, 'staffseksi1', '2016-11-22 21:13:28', '', '::1'),
(98, 'staffseksi2', '2016-11-22 21:14:18', '', '::1'),
(99, 'staffdir2', '2016-11-22 21:16:51', '', '::1'),
(100, 'staffseksi2', '2016-11-22 21:18:17', '', '::1'),
(101, 'seksi2', '2016-11-22 21:18:35', '', '::1'),
(102, 'staff1', '2016-11-22 21:18:54', '', '::1'),
(103, 'staffdir1', '2016-11-22 21:21:54', '', '::1'),
(104, 'dir2', '2016-11-22 21:23:53', '', '::1'),
(105, 'dir1', '2016-11-22 21:24:01', '', '::1'),
(106, 'staff1', '2016-11-22 21:28:22', '', '::1'),
(107, 'staff3', '2016-11-22 21:48:42', '', '::1'),
(108, 'adminsekretaris', '2016-11-22 21:49:43', '', '::1'),
(109, 'staffdirjen', '2016-11-22 21:52:34', '', '::1'),
(110, 'staffdir1', '2016-11-22 21:53:38', '', '::1'),
(111, 'staffdirjen', '2016-11-22 21:53:49', '', '::1'),
(112, 'staffdir1', '2016-11-22 22:23:55', '', '::1'),
(113, 'staffdir2', '2016-11-22 22:24:08', '', '::1'),
(114, 'staffdirjen', '2016-11-22 22:24:42', '', '::1'),
(115, 'staffdirjen', '2016-11-22 22:25:44', '', '::1'),
(116, 'adminpusat', '2016-11-22 22:26:22', '', '::1'),
(117, 'staffdirjen', '2016-11-22 22:47:51', '', '::1'),
(118, 'staffdirjen', '2016-11-22 23:25:13', '', '::1'),
(119, 'adminsekretaris', '2016-11-23 00:50:28', '', '::1'),
(120, 'staffdirjen', '2016-11-23 00:51:41', '', '::1'),
(121, 'staffdirjen', '2016-11-23 13:12:35', '', '::1'),
(122, 'staffdirjen', '2016-11-23 13:20:33', '', '::1'),
(123, 'staffdirjen', '2016-11-23 13:27:36', '', '::1'),
(124, 'dirjen', '2016-11-23 13:29:14', '', '::1'),
(125, 'staffdir1', '2016-11-23 13:30:42', '', '::1'),
(126, 'dirjen', '2016-11-23 13:32:47', '', '::1'),
(127, 'staffdir1', '2016-11-23 13:48:32', '', '::1'),
(128, 'staffdir2', '2016-11-23 13:49:06', '', '::1'),
(129, 'staffdir1', '2016-11-23 13:49:47', '', '::1'),
(130, 'dir1', '2016-11-23 13:50:31', '', '::1'),
(131, 'staffsubdir2', '2016-11-23 13:54:24', '', '::1'),
(132, 'subdir2', '2016-11-23 13:55:30', '', '::1'),
(133, 'seksi1', '2016-11-23 13:56:59', '', '::1'),
(134, 'staffdirjen', '2016-11-23 13:58:17', '', '::1'),
(135, 'adminpusat', '2016-11-23 14:09:30', '', '::1'),
(136, 'staffdirjen', '2016-11-23 14:18:37', '', '::1'),
(137, 'dirjen', '2016-11-24 12:29:03', '', '::1'),
(138, 'staffdirjen', '2016-11-24 12:29:20', '', '::1'),
(139, 'staffdirjen', '2016-11-24 13:52:53', '', '::1'),
(140, 'dirjen', '2016-11-24 17:01:20', '', '::1'),
(141, 'staffdirjen', '2016-11-24 23:02:15', '', '::1'),
(142, 'dirjen', '2016-11-24 23:10:38', '', '::1'),
(143, 'staffdirjen', '2016-11-24 23:20:36', '', '::1'),
(144, 'dirjen', '2016-11-24 23:27:33', '', '::1'),
(145, 'staffdirjen', '2016-11-24 23:29:46', '', '::1'),
(146, 'dirjen', '2016-11-24 23:34:38', '', '::1'),
(147, 'staffdirjen', '2016-11-25 00:09:29', '', '::1'),
(148, 'dirjen', '2016-11-25 01:00:44', '', '::1'),
(149, 'dirjen', '2016-11-25 01:20:13', '', '::1'),
(150, 'staffdir', '2016-11-25 01:23:18', '', '::1'),
(151, 'staffdirjen', '2016-11-25 01:30:46', '', '::1'),
(152, 'dirjen', '2016-11-25 01:32:15', '', '::1'),
(153, 'dirjen', '2016-11-25 22:05:45', '', '::1'),
(154, 'staffdirjen', '2016-11-25 22:07:01', '', '::1'),
(155, 'dirjen', '2016-11-26 09:58:15', '', '::1'),
(156, 'staffdirjen', '2016-11-26 09:58:25', '', '::1'),
(157, 'dirjen', '2016-11-26 10:01:01', '', '::1'),
(158, 'staffdir', '2016-11-26 10:18:49', '', '::1'),
(159, 'staffdir', '2016-11-26 10:25:46', '', '::1'),
(160, 'staffdir', '2016-11-26 10:26:22', '', '::1'),
(161, 'adminpusat', '2016-11-26 10:36:36', '', '::1'),
(162, 'staffdirjen', '2016-11-26 10:36:57', '', '::1'),
(163, 'singgih', '2016-11-26 10:52:55', '', '::1'),
(164, 'staffdirjen', '2016-11-26 10:53:50', '', '::1'),
(165, 'staffdirjen', '2016-11-26 10:59:41', '', '::1'),
(166, 'singgih', '2016-11-26 12:27:39', '', '::1'),
(167, 'singgih', '2016-11-26 12:30:55', '', '::1'),
(168, 'razali', '2016-11-26 12:31:36', '', '::1'),
(169, 'razali', '2016-11-26 12:53:53', '', '::1'),
(170, 'razali', '2016-11-26 13:02:22', '', '::1'),
(171, 'razali', '2016-11-26 13:03:13', '', '::1'),
(172, 'singgih', '2016-11-26 13:19:29', '', '::1'),
(173, 'razali', '2016-11-26 13:26:46', '', '::1'),
(174, 'razali', '2016-11-26 13:45:46', '', '::1'),
(175, 'singgih', '2016-11-26 13:49:23', '', '::1'),
(176, 'sunardi', '2016-11-26 13:50:04', '', '::1'),
(177, 'singgih', '2016-11-26 13:52:24', '', '::1'),
(178, 'razali', '2016-11-26 14:11:33', '', '::1'),
(179, 'singgih', '2016-11-26 14:19:49', '', '::1'),
(180, 'razali', '2016-11-26 14:25:23', '', '::1'),
(181, 'singgih', '2016-11-26 14:27:36', '', '::1'),
(182, 'sunardi', '2016-11-26 14:28:01', '', '::1'),
(183, 'razali', '2016-11-26 14:28:20', '', '::1'),
(184, 'singgih', '2016-11-26 14:33:59', '', '::1'),
(185, 'sunardi', '2016-11-26 14:34:14', '', '::1'),
(186, 'alpin', '2016-11-26 14:34:27', '', '::1'),
(187, 'sunardi', '2016-11-26 14:35:20', '', '::1'),
(188, 'sumarwoto', '2016-11-26 14:36:57', '', '::1'),
(189, 'singgih', '2016-11-26 14:37:38', '', '::1'),
(190, 'sumarwoto', '2016-11-26 14:41:58', '', '::1'),
(191, 'razali', '2016-11-26 15:01:23', '', '::1'),
(192, 'razali', '2016-11-26 15:05:39', '', '::1'),
(193, 'singgih', '2016-11-26 15:30:52', '', '::1'),
(194, 'razali', '2016-11-26 16:34:06', '', '::1'),
(195, 'singgih', '2016-11-26 16:41:33', '', '::1'),
(196, 'razali', '2016-11-26 16:45:12', '', '::1'),
(197, 'razali', '2016-11-26 16:51:09', '', '::1'),
(198, 'singgih', '2016-11-26 16:51:45', '', '::1'),
(199, 'abdul', '2016-11-26 18:56:14', '', '::1'),
(200, 'razali', '2016-11-26 19:18:07', '', '::1'),
(201, 'singgih', '2016-11-26 19:18:32', '', '::1'),
(202, 'razali', '2016-11-26 19:18:42', '', '::1'),
(203, 'singgih', '2016-11-26 19:18:53', '', '::1'),
(204, 'abdul', '2016-11-26 19:19:35', '', '::1'),
(205, 'razali', '2016-11-26 19:20:30', '', '::1'),
(206, 'alpin', '2016-11-26 19:20:58', '', '::1'),
(207, 'razali', '2016-11-26 19:29:22', '', '::1'),
(208, 'singgih', '2016-11-26 19:32:21', '', '::1'),
(209, 'singgih', '2016-11-26 19:39:22', '', '::1'),
(210, 'alpin', '2016-11-26 19:52:18', '', '::1'),
(211, 'abdul', '2016-11-26 19:53:51', '', '::1'),
(212, 'alpin', '2016-11-26 19:53:59', '', '::1'),
(213, 'alpin', '2016-11-26 19:56:40', '', '::1'),
(214, 'singgih', '2016-11-26 20:05:29', '', '::1'),
(215, 'alpin', '2016-11-26 20:07:31', '', '::1'),
(216, 'alpin', '2016-11-26 20:11:00', '', '::1'),
(217, 'abdul', '2016-11-26 20:32:03', '', '::1'),
(218, 'razali', '2016-11-26 20:52:29', '', '::1'),
(219, 'abdul', '2016-11-26 20:53:08', '', '::1'),
(220, 'razali', '2016-11-26 20:53:47', '', '::1'),
(221, 'abdul', '2016-11-26 20:58:54', '', '::1'),
(222, 'alpin', '2016-11-26 20:59:58', '', '::1'),
(223, 'razali', '2016-11-26 21:33:59', '', '::1'),
(224, 'abdul', '2016-11-26 21:36:45', '', '::1'),
(225, 'razali', '2016-11-27 20:36:38', '', '::1'),
(226, 'razali', '2016-11-27 20:39:18', '', '::1'),
(227, 'razali', '2016-11-27 20:57:17', '', '::1'),
(228, 'razali', '2016-11-27 21:20:23', '', '::1'),
(229, 'razali', '2016-11-27 21:27:13', '', '::1'),
(230, 'razali', '2016-11-27 22:05:44', '', '::1'),
(231, 'razali', '2016-11-27 22:44:27', '', '::1'),
(232, 'razali', '2016-11-28 17:01:30', '', '::1'),
(233, 'razali', '2016-11-28 17:36:51', '', '::1'),
(234, 'razali', '2016-11-29 10:08:46', '', '::1'),
(235, 'razali', '2016-11-29 11:31:55', '', '::1'),
(236, 'razali', '2016-11-29 11:34:21', '', '::1'),
(237, 'singgih001', '2016-11-29 12:51:03', '', '::1'),
(238, 'singgih001', '2016-11-29 12:52:25', '', '::1'),
(239, 'singgih001', '2016-11-29 12:53:48', '', '::1'),
(240, 'singgih001', '2016-11-29 12:59:41', '', '::1'),
(241, 'singgih001', '2016-11-29 13:01:26', '', '::1'),
(242, 'singgih001', '2016-11-29 13:01:57', '', '::1'),
(243, 'singgih001', '2016-11-29 13:03:14', '', '::1'),
(244, 'singgih001', '2016-11-29 13:06:17', '', '::1'),
(245, 'singgih001', '2016-11-29 13:08:14', '', '::1'),
(246, 'singgih001', '2016-11-29 13:10:21', '', '::1'),
(247, 'singgih001', '2016-11-29 13:11:48', '', '::1'),
(248, 'singgih001', '2016-11-29 13:14:37', '', '::1'),
(249, 'admin', '2016-11-29 13:14:42', '', '::1'),
(250, 'singgih001', '2016-11-29 13:17:12', '', '::1'),
(251, 'admin', '2016-11-29 13:17:16', '', '::1'),
(252, 'singgih001', '2016-11-29 13:18:18', '', '::1'),
(253, 'admin', '2016-11-29 13:18:23', '', '::1'),
(254, 'singgih001', '2016-11-29 13:21:48', '', '::1'),
(255, 'admin', '2016-11-29 13:21:53', '', '::1'),
(256, 'admin', '2016-11-29 13:22:50', '', '::1'),
(257, 'singgih001', '2016-11-29 15:41:20', '', '::1'),
(258, 'singgih001', '2016-11-29 15:43:02', '', '::1'),
(259, 'singgih001', '2016-11-29 21:13:45', '', '::1'),
(260, 'singgih001', '2016-11-30 08:52:31', '', '::1'),
(261, 'singgih001', '2016-11-30 13:26:44', '', '::1'),
(262, 'usep001', '2016-11-30 13:45:15', '', '::1'),
(263, 'usep001', '2016-11-30 14:19:10', '', '::1'),
(264, 'yusrie001', '2016-11-30 14:20:33', '', '::1'),
(265, 'usep001', '2016-11-30 14:21:11', '', '::1'),
(266, 'singgih001', '2016-11-30 14:31:32', '', '::1'),
(267, 'usep001', '2016-11-30 14:31:45', '', '::1'),
(268, 'singgih001', '2016-11-30 14:34:22', '', '::1'),
(269, 'usep001', '2016-11-30 14:34:33', '', '::1'),
(270, 'usep001', '2016-11-30 15:20:48', '', '::1'),
(271, 'singgih001', '2016-11-30 21:32:06', '', '::1'),
(272, 'yusrie001', '2016-11-30 21:33:56', '', '::1'),
(273, 'usep001', '2016-11-30 21:41:05', '', '::1'),
(274, 'yusrie001', '2016-11-30 21:48:42', '', '::1'),
(275, 'yusrie001', '2016-11-30 21:49:22', '', '::1'),
(276, 'yusrie001', '2016-11-30 22:16:21', '', '::1'),
(277, 'usep001', '2016-11-30 22:23:45', '', '::1'),
(278, 'yusrie001', '2016-11-30 22:24:20', '', '::1'),
(279, 'yusrie001', '2016-11-30 22:29:10', '', '::1'),
(280, 'singgih001', '2016-11-30 22:29:27', '', '::1'),
(281, 'yusrie001', '2016-11-30 22:29:51', '', '::1'),
(282, 'usep001', '2016-11-30 22:31:27', '', '::1'),
(283, 'yusrie001', '2016-11-30 23:46:01', '', '::1'),
(284, 'yusrie001', '2016-11-30 23:49:30', '', '::1'),
(285, 'yusrie001', '2016-11-30 23:50:49', '', '::1'),
(286, 'supri001', '2016-12-01 00:21:03', '', '::1'),
(287, 'supri001', '2016-12-01 00:24:22', '', '::1'),
(288, 'yusrie001', '2016-12-01 00:25:49', '', '::1'),
(289, 'yusrie001', '2016-12-01 00:26:07', '', '::1'),
(290, 'supri001', '2016-12-01 00:27:01', '', '::1'),
(291, 'yusrie001', '2016-12-01 00:28:23', '', '::1'),
(292, 'supri001', '2016-12-01 00:29:11', '', '::1'),
(293, 'yusrie001', '2016-12-01 00:34:56', '', '::1'),
(294, 'supri001', '2016-12-01 00:44:44', '', '::1'),
(295, 'singgih001', '2016-12-01 00:49:56', '', '::1'),
(296, 'razali001', '2016-12-01 00:53:31', '', '::1'),
(297, 'yusrie001', '2016-12-01 02:16:20', '', '::1'),
(298, 'yusrie001', '2016-12-01 02:17:45', '', '::1'),
(299, 'yusrie001', '2016-12-01 02:19:35', '', '::1'),
(300, 'yusrie001', '2016-12-01 03:07:54', '', '::1'),
(301, 'yusrie001', '2016-12-01 03:08:59', '', '::1'),
(302, 'yusrie001', '2016-12-01 03:10:58', '', '::1'),
(303, 'supri001', '2016-12-01 03:23:08', '', '::1'),
(304, 'razali001', '2016-12-01 03:26:30', '', '::1'),
(305, 'razali001', '2016-12-01 03:32:18', '', '::1'),
(306, 'yusrie001', '2016-12-01 12:16:23', '', '::1'),
(307, 'razali001', '2016-12-01 12:35:31', '', '::1'),
(308, 'razali001', '2016-12-01 13:19:32', '', '::1'),
(309, 'yusrie001', '2016-12-01 13:41:22', '', '::1'),
(310, 'usep001', '2016-12-01 13:41:35', '', '::1'),
(311, 'yusrie001', '2016-12-01 13:44:12', '', '::1'),
(312, 'yusrie001', '2016-12-01 13:45:22', '', '::1'),
(313, 'usep001', '2016-12-01 13:46:46', '', '::1'),
(314, 'yusrie001', '2016-12-01 13:54:00', '', '::1'),
(315, 'razali001', '2016-12-01 13:54:48', '', '::1'),
(316, 'supri001', '2016-12-01 13:55:06', '', '::1'),
(317, 'razali001', '2016-12-01 13:55:25', '', '::1'),
(318, 'singgih001', '2016-12-01 13:55:55', '', '::1'),
(319, 'singgih001', '2016-12-01 13:57:19', '', '::1'),
(320, 'singgih001', '2016-12-01 14:03:14', '', '::1'),
(321, 'alpin001', '2016-12-01 14:03:49', '', '::1'),
(322, 'alpin001', '2016-12-01 14:16:40', '', '::1'),
(323, 'alpin001', '2016-12-01 14:19:53', '', '::1'),
(324, 'alpin001', '2016-12-01 14:25:40', '', '::1'),
(325, 'alpin001', '2016-12-01 14:26:24', '', '::1'),
(326, 'alpin001', '2016-12-01 14:36:37', '', '::1'),
(327, 'usep001', '2016-12-01 14:38:01', '', '::1'),
(328, 'alpin001', '2016-12-01 14:39:31', '', '::1'),
(329, 'yusrie001', '2016-12-01 14:39:50', '', '::1'),
(330, 'supri001', '2016-12-01 14:48:55', '', '::1'),
(331, 'supri001', '2016-12-01 14:52:13', '', '::1'),
(332, 'razali001', '2016-12-01 14:52:29', '', '::1'),
(333, 'singgih001', '2016-12-01 14:52:39', '', '::1'),
(334, 'alpin001', '2016-12-01 14:52:49', '', '::1'),
(335, 'usep001', '2016-12-01 14:55:40', '', '::1'),
(336, 'yusrie001', '2016-12-01 14:56:20', '', '::1'),
(337, 'supri001', '2016-12-01 14:56:45', '', '::1'),
(338, 'razali001', '2016-12-01 14:56:59', '', '::1'),
(339, 'alpin001', '2016-12-01 14:57:14', '', '::1'),
(340, 'razali001', '2016-12-01 15:01:05', '', '::1'),
(341, 'siti001', '2016-12-01 15:40:47', '', '::1'),
(342, 'siti001', '2016-12-01 16:12:13', '', '::1'),
(343, 'usep001', '2016-12-01 16:19:52', '', '::1'),
(344, 'siti001', '2016-12-01 16:21:04', '', '::1'),
(345, 'usep001', '2016-12-01 16:21:26', '', '::1'),
(346, 'yusrie001', '2016-12-01 16:26:22', '', '::1'),
(347, 'siti001', '2016-12-01 16:29:46', '', '::1'),
(348, 'usep001', '2016-12-01 16:31:55', '', '::1'),
(349, 'usep001', '2016-12-01 16:34:01', '', '::1'),
(350, 'usep001', '2016-12-01 16:42:18', '', '::1'),
(351, 'siti001', '2016-12-01 16:45:10', '', '::1'),
(352, 'abdul001', '2016-12-01 16:49:33', '', '::1'),
(353, 'abdul001', '2016-12-01 16:55:40', '', '::1'),
(354, 'siti001', '2016-12-01 17:02:10', '', '::1'),
(355, 'siti001', '2016-12-01 17:02:38', '', '::1'),
(356, 'priyono001', '2016-12-01 17:03:44', '', '::1'),
(357, 'siti001', '2016-12-01 17:24:45', '', '::1'),
(358, 'usep001', '2016-12-01 17:25:52', '', '::1'),
(359, 'alpin001', '2016-12-01 17:26:53', '', '::1'),
(360, 'siti001', '2016-12-01 17:39:16', '', '::1'),
(361, 'alpin001', '2016-12-01 17:43:57', '', '::1'),
(362, 'alpin001', '2016-12-01 18:27:08', '', '::1'),
(363, 'siti001', '2016-12-01 18:32:09', '', '::1'),
(364, 'alpin001', '2016-12-01 18:52:10', '', '::1'),
(365, 'abdul001', '2016-12-01 18:52:41', '', '::1'),
(366, 'siti001', '2016-12-01 18:56:25', '', '::1'),
(367, 'abdul001', '2016-12-01 18:59:42', '', '::1'),
(368, 'alpin001', '2016-12-01 18:59:56', '', '::1'),
(369, 'razali001', '2016-12-01 19:00:26', '', '::1'),
(370, 'usep001', '2016-12-01 21:20:50', '', '::1'),
(371, 'siti001', '2016-12-01 21:21:09', '', '::1'),
(372, 'usep001', '2016-12-01 21:21:53', '', '::1'),
(373, 'abdul001', '2016-12-01 21:23:22', '', '::1'),
(374, 'siti001', '2016-12-01 21:23:40', '', '::1'),
(375, 'usep001', '2016-12-01 21:24:02', '', '::1'),
(376, 'razali001', '2016-12-01 21:30:15', '', '::1'),
(377, 'usep001', '2016-12-01 21:31:41', '', '::1'),
(378, 'usep001', '2016-12-01 21:33:30', '', '::1'),
(379, 'admin', '2016-12-01 21:36:12', '', '::1'),
(380, 'singgih001', '2016-12-01 21:36:31', '', '::1'),
(381, 'febri001', '2016-12-01 21:58:47', '', '::1'),
(382, 'rian001', '2016-12-01 22:02:42', '', '192.168.0.105'),
(383, 'febri001', '2016-12-01 22:04:15', '', '192.168.0.103'),
(384, 'abdul001', '2016-12-01 22:04:21', '', '192.168.0.105'),
(385, 'siti001', '2016-12-01 22:05:09', '', '192.168.0.105'),
(386, 'rian001', '2016-12-01 22:05:30', '', '192.168.0.103'),
(387, 'herman001', '2016-12-01 22:05:51', '', '192.168.0.103'),
(388, 'priyono001', '2016-12-01 22:06:08', '', '192.168.0.103'),
(389, 'rian001', '2016-12-01 22:06:43', '', '192.168.0.103'),
(390, 'febri001', '2016-12-01 22:07:03', '', '192.168.0.103'),
(391, 'usep001', '2016-12-01 22:09:56', '', '192.168.0.105'),
(392, 'razali001', '2016-12-01 22:10:43', '', '192.168.0.105'),
(393, 'usep001', '2016-12-01 22:10:59', '', '192.168.0.105'),
(394, 'febri001', '2016-12-01 22:22:11', '', '192.168.0.103'),
(395, 'rian001', '2016-12-01 22:26:09', '', '192.168.0.103'),
(396, 'herman001', '2016-12-01 22:26:24', '', '192.168.0.103'),
(397, 'priyono001', '2016-12-01 22:26:39', '', '192.168.0.103'),
(398, 'herman001', '2016-12-01 22:26:56', '', '192.168.0.103'),
(399, 'febri001', '2016-12-01 22:27:05', '', '192.168.0.103'),
(400, 'usep001', '2016-12-01 22:27:50', '', '192.168.0.103'),
(401, 'razali001', '2016-12-01 22:28:20', '', '192.168.0.103'),
(402, 'usep001', '2016-12-01 22:28:33', '', '192.168.0.103'),
(403, 'razali001', '2016-12-01 22:39:33', '', '192.168.0.103'),
(404, 'usep001', '2016-12-01 22:39:53', '', '192.168.0.103'),
(405, 'razali001', '2016-12-01 22:43:04', '', '192.168.0.103'),
(406, 'febri001', '2016-12-01 22:43:45', '', '192.168.0.103'),
(407, 'razali001', '2016-12-01 22:45:54', '', '192.168.0.103'),
(408, 'usep001', '2016-12-01 22:46:44', '', '192.168.0.103'),
(409, 'razali001', '2016-12-01 22:48:07', '', '192.168.0.103'),
(410, 'usep001', '2016-12-01 23:02:28', '', '::1'),
(411, 'usep001', '2016-12-02 09:52:05', '', '::1'),
(412, 'usep001', '2016-12-02 10:06:08', '', '::1'),
(413, 'razali001', '2016-12-02 10:24:53', '', '::1'),
(414, 'admin', '2016-12-02 10:38:13', '', '::1'),
(415, 'admin', '2016-12-02 10:39:29', '', '::1'),
(416, 'usep001', '2016-12-02 10:39:47', '', '::1'),
(417, 'razali001', '2016-12-02 10:39:57', '', '::1'),
(418, 'priyono001', '2016-12-02 10:44:25', '', '192.168.1.7'),
(419, 'razali001', '2016-12-02 10:44:35', '', '192.168.1.3'),
(420, 'singgih001', '2016-12-02 10:56:58', '', '192.168.1.7'),
(421, 'razali001', '2016-12-02 10:59:57', '', '192.168.1.3'),
(422, 'razali001', '2016-12-02 11:29:17', '', '192.168.1.3'),
(423, 'yusrie001', '2016-12-02 11:35:47', '', '192.168.1.3'),
(424, 'razali001', '2016-12-02 11:37:53', '', '192.168.1.3'),
(425, 'yusrie001', '2016-12-02 11:38:29', '', '192.168.1.3'),
(426, 'supri001', '2016-12-02 11:41:25', '', '192.168.1.3'),
(427, 'usep001', '2016-12-02 11:41:57', '', '192.168.1.3'),
(428, 'razali001', '2016-12-02 11:48:13', '', '192.168.1.3'),
(429, 'yusrie001', '2016-12-02 11:50:17', '', '192.168.1.3'),
(430, 'razali001', '2016-12-02 12:25:48', '', '192.168.1.3'),
(431, 'yusrie001', '2016-12-02 12:30:22', '', '192.168.1.3'),
(432, 'usep001', '2016-12-02 12:34:38', '', '192.168.1.3'),
(433, 'usep001', '2016-12-02 12:35:48', '', '192.168.1.3'),
(434, 'razali001', '2016-12-02 12:41:52', '', '192.168.1.3'),
(435, 'razali001', '2016-12-02 12:44:49', '', '192.168.1.3'),
(436, 'sunardi001', '2016-12-02 12:45:29', '', '192.168.1.3'),
(437, 'yusrie001', '2016-12-02 12:45:44', '', '192.168.1.3'),
(438, 'alpin001', '2016-12-02 12:46:20', '', '192.168.1.3'),
(439, 'supri001', '2016-12-02 12:48:23', '', '192.168.1.3'),
(440, 'sunardi001', '2016-12-02 12:50:32', '', '192.168.1.3'),
(441, 'supri001', '2016-12-02 12:50:53', '', '192.168.1.3'),
(442, 'usep001', '2016-12-02 12:55:18', '', '192.168.1.3'),
(443, 'razali001', '2016-12-02 12:55:53', '', '192.168.1.3'),
(444, 'supri001', '2016-12-02 13:09:17', '', '192.168.1.3'),
(445, 'razali001', '2016-12-02 13:11:37', '', '192.168.1.3'),
(446, 'supri001', '2016-12-02 13:23:45', '', '192.168.1.3'),
(447, 'yusrie001', '2016-12-02 13:24:01', '', '192.168.1.3'),
(448, 'razali001', '2016-12-02 13:39:52', '', '192.168.1.3'),
(449, 'supri001', '2016-12-02 13:41:32', '', '192.168.1.3'),
(450, 'yusrie001', '2016-12-02 13:41:56', '', '192.168.1.3'),
(451, 'yusrie001', '2016-12-02 13:57:39', '', '192.168.1.3'),
(452, 'purwanto001', '2016-12-02 14:02:00', '', '192.168.1.7'),
(453, 'dwi001', '2016-12-02 14:04:56', '', '192.168.1.7'),
(454, 'herman001', '2016-12-02 14:06:48', '', '192.168.1.7'),
(455, 'priyono001', '2016-12-02 14:07:17', '', '192.168.1.7'),
(456, 'purwanto001', '2016-12-02 14:08:20', '', '192.168.1.7'),
(457, 'singgih001', '2016-12-02 14:09:35', '', '192.168.1.7'),
(458, 'singgih001', '2016-12-02 14:10:09', '', '192.168.1.7'),
(459, 'purwanto001', '2016-12-02 14:10:27', '', '192.168.1.7'),
(460, 'purwanto001', '2016-12-02 14:14:37', '', '192.168.1.7'),
(461, 'purwanto001', '2016-12-02 14:20:19', '', '192.168.1.7'),
(462, 'dwi001', '2016-12-02 14:22:37', '', '192.168.1.7'),
(463, 'herman001', '2016-12-02 14:23:03', '', '192.168.1.7'),
(464, 'purwanto001', '2016-12-02 14:23:46', '', '192.168.1.7'),
(465, 'supri001', '2016-12-02 14:24:59', '', '192.168.1.3'),
(466, 'usep001', '2016-12-02 14:25:33', '', '192.168.1.3'),
(467, 'supri001', '2016-12-02 14:25:56', '', '192.168.1.7'),
(468, 'usep001', '2016-12-02 14:29:52', '', '192.168.1.3'),
(469, 'razali001', '2016-12-02 14:33:38', '', '192.168.1.3'),
(470, 'supri001', '2016-12-02 14:35:52', '', '192.168.1.3'),
(471, 'sunardi001', '2016-12-02 14:37:25', '', '192.168.1.3'),
(472, 'razali001', '2016-12-02 14:37:47', '', '192.168.1.3'),
(473, 'usep001', '2016-12-02 14:53:42', '', '192.168.1.7'),
(474, 'razali001', '2016-12-02 15:10:51', '', '192.168.1.7'),
(475, 'usep001', '2016-12-02 15:11:08', '', '192.168.1.7'),
(476, 'supri001', '2016-12-02 15:25:48', '', '192.168.1.3'),
(477, 'razali001', '2016-12-02 15:26:22', '', '192.168.1.3'),
(478, 'razali001', '2016-12-02 15:33:07', '', '192.168.1.3'),
(479, 'usep001', '2016-12-02 15:45:02', '', '192.168.1.3'),
(480, 'razali001', '2016-12-02 15:45:21', '', '192.168.1.3'),
(481, 'razali001', '2016-12-02 16:56:08', '', '192.168.1.7'),
(482, 'singgih001', '2016-12-02 17:01:44', '', '192.168.1.3'),
(483, 'usep001', '2016-12-02 17:02:38', '', '192.168.1.3'),
(484, 'singgih001', '2016-12-02 17:04:31', '', '192.168.1.3'),
(485, 'priyono001', '2016-12-02 17:06:11', '', '192.168.1.3'),
(486, 'purwanto001', '2016-12-02 17:06:53', '', '192.168.1.3'),
(487, 'usep001', '2016-12-02 17:13:33', '', '192.168.1.3'),
(488, 'purwanto001', '2016-12-02 17:19:29', '', '192.168.1.3'),
(489, 'Singgih001', '2016-12-02 17:27:57', '', '192.168.1.13'),
(490, 'priyono001', '2016-12-02 17:31:57', '', '192.168.1.3'),
(491, 'purwanto001', '2016-12-02 17:33:18', '', '192.168.1.3'),
(492, 'priyono001', '2016-12-02 17:34:07', '', '192.168.1.3'),
(493, 'priyono001', '2016-12-02 17:42:32', '', '192.168.1.3'),
(494, 'singgih001', '2016-12-02 17:52:52', '', '192.168.1.7'),
(495, 'usep001', '2016-12-02 17:53:02', '', '192.168.1.3'),
(496, 'usep001', '2016-12-02 18:15:50', '', '192.168.1.3'),
(497, 'yusrie001', '2016-12-02 18:16:36', '', '192.168.1.7'),
(498, 'alpin001', '2016-12-02 18:16:54', '', '192.168.1.3'),
(499, 'supri001', '2016-12-02 18:17:28', '', '192.168.1.7'),
(500, 'razali001', '2016-12-02 18:18:23', '', '192.168.1.7'),
(501, 'abdul001', '2016-12-02 18:19:46', '', '192.168.1.3'),
(502, 'purwanto001', '2016-12-02 18:19:57', '', '192.168.1.3'),
(503, 'siti001', '2016-12-02 18:20:05', '', '192.168.1.3'),
(504, 'usep001', '2016-12-02 18:43:29', '', '192.168.1.3'),
(505, 'siti001', '2016-12-02 18:44:10', '', '192.168.1.3'),
(506, 'razali001', '2016-12-02 18:45:00', '', '192.168.1.11'),
(507, 'usep001', '2016-12-02 18:47:38', '', '192.168.1.3'),
(508, 'siti001', '2016-12-02 18:48:26', '', '192.168.1.7'),
(509, 'siti001', '2016-12-02 18:55:38', '', '192.168.1.3'),
(510, 'usep001', '2016-12-02 18:56:18', '', '192.168.1.3'),
(511, 'siti001', '2016-12-02 18:56:32', '', '192.168.1.7'),
(512, 'razali001', '2016-12-02 19:55:37', '', '192.168.1.7'),
(513, 'singgih001', '2016-12-02 19:58:40', '', '192.168.1.3'),
(514, 'razali001', '2016-12-02 19:59:01', '', '192.168.1.3'),
(515, 'usep001', '2016-12-02 20:01:18', '', '192.168.1.3'),
(516, 'razali001', '2016-12-02 20:02:44', '', '192.168.1.3'),
(517, 'usep001', '2016-12-02 20:07:22', '', '192.168.1.3'),
(518, 'singgih001', '2016-12-02 20:08:52', '', '192.168.1.3'),
(519, 'razali001', '2016-12-02 20:11:51', '', '192.168.1.3'),
(520, 'singgih001', '2016-12-02 20:13:08', '', '192.168.1.3'),
(521, 'razali001', '2016-12-02 20:14:39', '', '192.168.1.3'),
(522, 'singgih001', '2016-12-02 20:22:57', '', '192.168.1.3'),
(523, 'usep001', '2016-12-02 20:24:16', '', '192.168.1.3'),
(524, 'singgih001', '2016-12-02 20:27:08', '', '192.168.1.3'),
(525, 'usep001', '2016-12-02 20:59:34', '', '192.168.1.3'),
(526, 'razali001', '2016-12-02 21:09:18', '', '192.168.1.3'),
(527, 'singgih001', '2016-12-02 21:10:05', '', '192.168.1.3'),
(528, 'razali001', '2016-12-02 21:11:38', '', '192.168.1.11'),
(529, 'supri001', '2016-12-02 21:20:39', '', '192.168.1.3'),
(530, 'Singgih001', '2016-12-02 21:23:30', '', '192.168.1.13'),
(531, 'singgih001', '2016-12-02 21:25:12', '', '192.168.1.3'),
(532, 'razali001', '2016-12-02 22:11:40', '', '192.168.1.3'),
(533, 'yusrie001', '2016-12-02 22:32:57', '', '192.168.1.3'),
(534, 'siti001', '2016-12-02 22:41:20', '', '192.168.1.3'),
(535, 'razali001', '2016-12-02 22:42:04', '', '192.168.1.3'),
(536, 'singgih001', '2016-12-02 22:44:24', '', '192.168.1.3'),
(537, 'razali001', '2016-12-02 22:48:59', '', '192.168.1.3'),
(538, 'yusrie001', '2016-12-02 23:04:02', '', '192.168.1.3'),
(539, 'razali001', '2016-12-02 23:04:22', '', '192.168.1.3'),
(540, 'razali001', '2016-12-02 23:05:01', '', '192.168.1.3'),
(541, 'yusrie001', '2016-12-02 23:05:24', '', '192.168.1.3'),
(542, 'razali001', '2016-12-02 23:05:35', '', '192.168.1.3'),
(543, 'yusrie001', '2016-12-02 23:05:46', '', '192.168.1.3'),
(544, 'razali001', '2016-12-02 23:05:58', '', '192.168.1.3'),
(545, 'singgih001', '2016-12-02 23:18:07', '', '192.168.1.3'),
(546, 'abdul001', '2016-12-02 23:18:25', '', '192.168.1.3'),
(547, 'priyono001', '2016-12-02 23:18:56', '', '192.168.1.3');

-- --------------------------------------------------------

--
-- Table structure for table `tb_login`
--

CREATE TABLE `tb_login` (
  `ID` int(11) NOT NULL,
  `username` varchar(100) NOT NULL,
  `password` varchar(100) NOT NULL,
  `nip` varchar(250) NOT NULL,
  `nama_lengkap` varchar(100) NOT NULL,
  `pangkat` varchar(250) NOT NULL,
  `golongan` varchar(250) NOT NULL,
  `id_jabatan` varchar(100) NOT NULL,
  `id_atasan` varchar(250) NOT NULL,
  `nohp` varchar(100) NOT NULL,
  `email` varchar(100) NOT NULL,
  `status_aktif` varchar(100) NOT NULL,
  `image` varchar(250) NOT NULL,
  `createdate` datetime NOT NULL,
  `createby` varchar(100) NOT NULL,
  `modifydate` datetime NOT NULL,
  `modifyby` varchar(100) NOT NULL
) ENGINE=InnoDB DEFAULT CHARSET=latin1;

--
-- Dumping data for table `tb_login`
--

INSERT INTO `tb_login` (`ID`, `username`, `password`, `nip`, `nama_lengkap`, `pangkat`, `golongan`, `id_jabatan`, `id_atasan`, `nohp`, `email`, `status_aktif`, `image`, `createdate`, `createby`, `modifydate`, `modifyby`) VALUES
(3, 'singgih', 'admin', '196202071987111002', 'Singgih Wiranto, SH.M.Hum', 'Pembina Utama', 'IVE', '15', '3', '081212021122', 'd.victori@yahoo.co.id', 'Aktif', '', '0000-00-00 00:00:00', '', '2016-11-26 16:40:45', 'Ir. Razali, M.si'),
(5, 'razali', 'admin', '196211101990031008', 'Ir. Razali, M.si', 'Pembina Utama Madya', 'IVD', '16', '3', '062218853510', 'd.victori@yahoo.co.id', 'Aktif', '', '0000-00-00 00:00:00', '', '2016-11-26 16:40:57', 'Ir. Razali, M.si'),
(24, 'sunardi', 'admin', '-', 'Sunardi, SE, MM', 'Pembina TK.I', 'IVB', '17', 'Sesditjen pada Ditjen PDT Kemendesa PDTT', '-', '-', 'Aktif', '', '2016-11-26 13:28:37', 'Ir. Razali, M.si', '2016-11-26 13:40:02', 'Ir. Razali, M.si'),
(25, 'sumarwoto', 'admin', '-', 'sumarwoto', 'Pembina TK.I', 'IVB', '18', 'Sesditjen pada Ditjen PDT Kemendesa PDTT', '-', '-', 'Aktif', '', '2016-11-26 13:39:52', 'Ir. Razali, M.si', '0000-00-00 00:00:00', ''),
(26, 'alpin', 'admin', '-', 'Alpin Martuaraja, S.Psi', 'Penata Muda', 'IIIA', '20', '27', '-', '-', 'Aktif', '', '2016-11-26 13:46:51', 'Ir. Razali, M.si', '2016-11-26 19:20:48', 'Ir. Razali, M.si'),
(27, 'abdul', 'admin', '-', 'Abdul Wahid, SH. M.Si', 'Pembina Utama', 'IVC', '21', 'Direktur Jenderal Pembangunan Derah Tertinggal', '-', '-', 'Aktif', '', '2016-11-26 13:48:09', 'Ir. Razali, M.si', '0000-00-00 00:00:00', ''),
(28, 'admin', 'admin', 'tidak ada nip', 'Herman Santoso', 'tidak ada pangkat', 'tidak ada golongan', '21', 'tidak ada atasan', '-', 'hermanosantoso@yahoo.com', 'Aktif', '', '2016-11-26 13:48:09', 'Ir. Razali, M.si', '0000-00-00 00:00:00', '');

-- --------------------------------------------------------

--
-- Table structure for table `tb_master_disposisi`
--

CREATE TABLE `tb_master_disposisi` (
  `id` int(11) NOT NULL,
  `isi_disposisi` varchar(250) NOT NULL,
  `direktorat` varchar(250) NOT NULL,
  `createddate` date NOT NULL,
  `createdby` varchar(100) NOT NULL,
  `modifieddate` date NOT NULL,
  `modifiedby` varchar(100) NOT NULL
) ENGINE=InnoDB DEFAULT CHARSET=latin1;

--
-- Dumping data for table `tb_master_disposisi`
--

INSERT INTO `tb_master_disposisi` (`id`, `isi_disposisi`, `direktorat`, `createddate`, `createdby`, `modifieddate`, `modifiedby`) VALUES
(1, 'Hadiri / Wakilkan', 'DIREKTORAT JENDERAL PEMBANGUNAN DAERAH TERTINGGAL DAN TRANSMIGRASI', '2016-11-26', 'Ir. Razali, M.si', '0000-00-00', ''),
(2, 'Mendampingi Sesditjen', 'DIREKTORAT JENDERAL PEMBANGUNAN DAERAH TERTINGGAL DAN TRANSMIGRASI', '2016-11-26', 'Ir. Razali, M.si', '0000-00-00', ''),
(3, 'Mohon Perhatian', 'DIREKTORAT JENDERAL PEMBANGUNAN DAERAH TERTINGGAL DAN TRANSMIGRASI', '2016-11-26', 'Ir. Razali, M.si', '0000-00-00', ''),
(4, 'Tangani / Proses Lebih Lanjut', 'DIREKTORAT JENDERAL PEMBANGUNAN DAERAH TERTINGGAL DAN TRANSMIGRASI', '2016-11-26', 'Ir. Razali, M.si', '0000-00-00', '');

-- --------------------------------------------------------

--
-- Table structure for table `tb_mediaarsip`
--

CREATE TABLE `tb_mediaarsip` (
  `id` int(11) NOT NULL,
  `mediaarsip` varchar(150) NOT NULL,
  `createddate` date NOT NULL,
  `createdby` varchar(100) NOT NULL,
  `modifieddate` date NOT NULL,
  `modifiedby` varchar(100) NOT NULL
) ENGINE=InnoDB DEFAULT CHARSET=latin1;

--
-- Dumping data for table `tb_mediaarsip`
--

INSERT INTO `tb_mediaarsip` (`id`, `mediaarsip`, `createddate`, `createdby`, `modifieddate`, `modifiedby`) VALUES
(1, 'digital', '2016-11-17', 'Administrator Pusat', '2016-11-17', 'Administrator Pusat'),
(8, 'Kertas', '2016-11-16', 'Administrator Pusat', '0000-00-00', ''),
(9, 'ebook', '2016-11-16', 'Administrator Pusat', '2016-11-16', 'Administrator Pusat');

-- --------------------------------------------------------

--
-- Table structure for table `tb_pegawai`
--

CREATE TABLE `tb_pegawai` (
  `id` int(11) NOT NULL,
  `nama` varchar(250) NOT NULL,
  `nip` varchar(100) NOT NULL,
  `pangkat` varchar(100) NOT NULL,
  `golongan` varchar(100) NOT NULL,
  `jabatan` varchar(100) NOT NULL,
  `eselon` int(11) NOT NULL,
  `idsatuankerja` int(11) NOT NULL,
  `idatasan` varchar(100) NOT NULL,
  `nohp` varchar(100) NOT NULL,
  `email` varchar(100) NOT NULL,
  `image` text NOT NULL
) ENGINE=InnoDB DEFAULT CHARSET=latin1;

--
-- Dumping data for table `tb_pegawai`
--

INSERT INTO `tb_pegawai` (`id`, `nama`, `nip`, `pangkat`, `golongan`, `jabatan`, `eselon`, `idsatuankerja`, `idatasan`, `nohp`, `email`, `image`) VALUES
(1, 'Nama Menteri', '-', '-', '-', 'MENTERI PDT', 0, 0, '0', '-', '-', ''),
(2, 'Singgih Wiranto, SH.M.Hum', '196202071987111002', 'Pembina Utama', 'IV.e', 'Direktur Jendral Pembangunan Daerah Tertinggal', 1, 15, '1', '-', '-', ''),
(3, 'Ir. Razali, M. Si', '196211101990031008', 'Pembina Utama Madya', 'IV.d', 'Sesditjen Ditjen PDT Kemendesa PDTT', 2, 30, '2', '-', '-', ''),
(4, 'Sunardi, S.E., M.M.', '195804011982031001', 'Pembina Tk.1', 'IV.b', 'Kabag Hukum, Organisasi dan Tata Laksana', 3, 30, '3', '-', '-', ''),
(5, 'Yusrieski Chahyady Syarief, S.E.', '198402122009121001', 'Penata', 'III/c', 'Kasubag Kepegawaian', 4, 30, '6', '-', '-', '-'),
(6, 'M.D. Supriyadi, S.H.', '196401031983121001', 'Pembina Tk.I', 'III.d', 'Kabag Kepegawaian dan Umum', 3, 30, '3', '-', '-', '-'),
(7, 'Wahid Semesta', '196101011991031001', 'Penata', 'III.c', 'Kasubag Penyusunan Perundangan-Undangan', 4, 30, '3', '-', '-', '-'),
(8, 'Usep Supriyatna', '196706152007011052', 'Pengatur', 'II.C', 'Staf Kepegawaian dan Umum', 0, 30, '5', '-', '-', '-'),
(9, 'Abdul Wahid, S.H., M.Si', '197112311001992011003', 'Pembina Utama Muda', 'IV.C', 'Direktur Perencanaan dan Identifikasi Daerah Tertinggal', 2, 21, '2', '-', '-', ''),
(10, 'Drs. Priyono, M.SC', '195910231982021002', 'Pembina Utama Muda', 'IV.B', 'Direktur Pengembengan Sumber Daya Manusia', 2, 26, '2', '-', '-', ''),
(11, 'Alpin Martuaraja, S.Psi', '199001212015041001', 'Penata Muda', 'III.A', 'Staff Kepegawaian dan Umum', 0, 30, '5', '-', '-', ''),
(12, 'Siti Abdullah, S.AP', '197204122000032010', 'Penata', 'III.C', 'Kasubag Tata Usaha', 4, 21, '9', '-', '-', ''),
(13, 'Suyatno, S.Sos', '196205101986031002', 'Pembina Tk.I ', 'IV.a', 'Kasubdit Kesehatan', 3, 26, '10', '-', '', ''),
(14, 'Dr. Dwi Anggoro Mahasetyardi', '197303272006041017', 'Penata', 'III.c', 'Kasi Peningkatan Sarana dan Prasarana Kesehatan', 4, 26, '13', '-', '', ''),
(15, 'Purwanto', '197002202007011002', 'Pengatur', 'II.c', 'Staff Subdit Kesehatan', 0, 26, '14', '-', '', ''),
(16, 'Sumarwoto, S. Sos', '196710091995031001', 'Pembina TK.I', 'IV.b', 'Kabag Perencanaan', 3, 30, '', '', '', ''),
(17, 'Dr. Hj. Andi Nita Arie, S.STP.M.Si', '197804171996122001', 'Penata TK.I', 'III.d', 'Kabag Keuangan dan BMN', 3, 30, '', '', '', ''),
(18, 'Jasnety Umar, S.sos, M.AP', '196906011988092001', 'Pembina', 'IV.a', 'Kasubag Evalusi dan pelaporan', 4, 30, '', '', '', ''),
(19, 'Agus Mulyawan', '196308211985031001', 'Penata TK.I', 'III.d', 'Kasubag Pelaksana Anggaran', 4, 30, '', '', '', ''),
(20, 'Muhamad Yasin, S.Pt, M.Si', '19780309200641007', 'Penata.TKI', 'III.d', 'Kasubag Data dan Informasi', 4, 30, '', '', '', ''),
(21, 'Suwarno, S. Sos, M.Si', '196310031987031002', 'Pembina TK.I', 'III.d', 'Kasubag Perelengkapan dan Rumah Tangga', 4, 30, '', '', '', ''),
(22, 'Eko Subiyanto, ST', '198304102011021002', 'Penata Muda Tk.I', 'III.b', 'Kasubag Penyusunan Program dan Anggaran', 4, 30, '', '', '', ''),
(23, 'Afnijar Ilmawati, SE', '198311102011022002', 'Penata Muda Tk.I', 'III.b', 'Kasubag Pembendaharaan', 4, 30, '', '', '', ''),
(24, 'Henriko Lupini Simanjuntak, SE', '198010192009021001', 'Penata', 'III.c', 'Kasubag Persuratan', 4, 30, '', '', '', ''),
(25, 'Heldawati, SE', '198411062009122002', 'Penata Muda', 'III.a', 'Staff Subdit Inovasi dan Penerapan Teknologi', 0, 30, '', '', '', ''),
(26, 'Drs. Moh. Dahlan', '196101111992031001', 'Pembina Tk.I', 'IV.b', 'Kasubdit Penyusunan Indikator Daerah Tertinggal', 3, 21, '', '', '', ''),
(27, 'Dwi Yunanto, SE, MM', '196106011982111001', 'Pembina', 'IV.a', 'Kasubdit Evaluasi dan Pelaporan', 3, 21, '', '', '', ''),
(28, 'Irwansyah Putra, S.STP, M.Si', '198008142000031001', 'Kasubdit Identifikasi Daerah Tertinggal', 'Pembina', 'IV.a', 3, 21, '', '', '', ''),
(29, 'Amia Sudewi, S.Pd, MM', '196808311994032001', 'Pembina', 'IV.a', 'Kasubdit Penyusunan Rencana dan Skema Pendanaan Daerah', 3, 21, '', '', '', ''),
(30, 'Hj.Enny Indarti, S. STP, M.Si', '197612241996012001', 'Penata Tk.I', 'III.d', 'Kasubdit Penyusunan Rencana dan Skema Pendanaan Kementerian/Lembaga', 3, 21, '', '', '', ''),
(31, 'Machful Komar, S. Sos', '197301021992021002', 'Penata Tk.I', 'III.d', 'Kasi Pengumpulan dan Analis', 4, 21, '', '', '', ''),
(32, 'Herwatiningsih', '196408031986032001', 'Penata Tk.I', 'III.d', 'Kasi Penyusunan Rencana', 4, 21, '', '', '', ''),
(33, 'Imam Moerdo Koentjoro, ST', '196705221994031001', 'Penata', 'III.c', 'Kasi Pelaporan', 4, 21, '', '', '', ''),
(34, 'Ibnu Subroto, S.Sos', '196306011985031002', 'Penata', 'III.c', 'Kasi Pengolahan dan Penyajian', 4, 21, '', '', '', ''),
(35, 'Bambang Trimaryudi', '196706231994021001', 'Penata', 'III.c', 'Kasi Pengolahan dan Penyajian', 4, 21, '', '', '', ''),
(36, 'Aria Bantar Dinarwan, S.P', '197311142006041002', 'Penata', 'III.c', 'Kasi Program dan Evaluasi', 4, 21, '', '', '', ''),
(37, 'Andre Budiman, ST, M.Si', '197908222011021001', 'Penata Muda Tk.I', 'III.b', 'Kasi Skema Pendanaan', 4, 21, '', '', '', ''),
(38, 'Yusda Aripin Salman, ST', '198311292011021001', 'Penata Muda Tk.I', 'III.b', 'Kasi Evaluasi', 4, 21, '', '', '', ''),
(39, 'Desman Armando G, S.STP, M.A.', '198612292006021001', 'Penata Muda Tk.I', 'III.b', 'Kasi Pengumpulan dan Analis', 4, 21, '', '', '', ''),
(40, 'Pungki, S.Pi', '198508152015031004', 'Penata Muda', 'III.a', 'Staff Pengumpulan dan Analisis', 0, 21, '', '', '', ''),
(41, 'Drs. Sutanta, M.Sc, Ph.D', '196110201980031001', 'Pembina', 'IV.b', 'Kasubdit Keterampilan ', 4, 26, '', '', '', ''),
(42, 'Jamaludin Matdoan, S.Pd, M.pd', '196110201980031001', 'Pembina', 'IV.a', 'Kasubdit Pendidikan', 4, 26, '', '', '', ''),
(43, 'Drs. Soetrisyo', '196201211983031001', 'Penata Tk.I', 'III.d', 'Kasi Peningkatan Kesempatan Tenaga Kerja', 4, 26, '', '', '', ''),
(44, 'Muhammad Wahyuddin AB, SE', '196210181985091001', 'Penata Tk.I', 'III.d', 'Kasubdit Inovasi dan Peningkatan Teknologi', 3, 26, '', '', '', ''),
(45, 'Drs. Sigit Satiyarso', '196803151994121002', 'Penata Tk.I', 'III.d', 'Kasubdit Tenaga Kerja', 3, 26, '', '', '', ''),
(46, 'Dra. Rosmeri Raplina Sinaga, M.Si', '196402071990022000', 'Penata Tk.I', 'III.d', 'Kasi Peningkatan Sumber Daya Manusia', 4, 26, '', '', '', ''),
(47, 'Ria Meinari Yutariani, S.Sos, M.Si', '195805111992032001', 'Penata', 'III.c', 'Kasubag Tata Usaha', 4, 26, '', '', '', ''),
(48, 'Heru Permana Putra, S.Pd', '198804212011021001', 'Penata Muda Tk.I', 'III.b', 'Kasi Peningkatan Sarana dan Prasarana Pendidikan', 4, 26, '', '', '', ''),
(49, 'Septika Ari Hartopo, S.Kms', '19870909211021001', 'Penata Muda Tk.I', 'III.b', 'Kasi Peningkatan Sumber Daya Manusia', 4, 26, '', '', '', ''),
(50, 'Renra Sanjaya, S.kom', '198206022011021001', 'Penata Muda Tk.I', 'III.b', 'Kasi Peningkatan Sarana dan Prasarana Keterampilan', 4, 26, '', '', '', ''),
(51, 'Indriarti, S.Sos, M.Si', '196802211996032001', 'Penata Muda Tk.I', 'III.b', 'Kasi Peningkatan Kapasitas Tenaga Kerja', 4, 26, '', '', '', ''),
(52, 'Mamik Susanti, SP', '198508252011022002', 'Penata Muda Tk.I', 'III.b', 'Kasi Peningkatan Kualitas', 4, 26, '', '', '', ''),
(53, 'Depianto, S.E,MM', '197812082011011007', 'Penata Muda Tk.I', 'III.b', 'Kasi Inovasi', 4, 26, '', '', '', ''),
(54, 'Moch. Faishal Yusuf, S.Pd.I', '198703312014031001', 'Penata Muda', 'III.a', 'Staff PNS Kasubdit Pendidikan', 0, 26, '42', '', '', ''),
(55, 'Helazurine Lindane, S.T', '198411222014031001', 'Penata Muda', 'III.a', 'Fungsional Umum Tenaga Kerja', 0, 26, '', '', '', ''),
(56, 'Purwanto', '197002202007011002', 'Pengatur', 'II.c', 'Staf PNS Kasubdit Kesehatan', 0, 26, '13', '', '', ''),
(57, 'Jufri', '197110012009021002', 'Pengatur Muda Tk.I', 'II.b', 'Fungsional Umum Tenaga Kerja', 0, 26, '', '', '', ''),
(58, 'Ir. Nyelong Inga Simon', '195810041984032001', 'Pembina Utama Madya', 'IV.d', 'Direktur Pengembangan Sumber Daya & Lingkungan Hidup', 2, 31, '', '', '', ''),
(59, 'Piter Nixon Siregar, SE, MM', '196004191993021001', 'Pembina TK.I', 'IV.b', 'Kasubdit Sumber Daya Hayati', 3, 31, '', '', '', ''),
(60, 'Supriyono, SE, M.Si', '196307131985031001', 'Pembina', 'IV.a', 'Kasubdit Tata Guna Lahan', 3, 31, '', '', '', ''),
(61, 'Dra. Mega Napitupulu', '196505241990032002', 'Pembina', 'IV.a', 'Kasubdit Pariwisata', 3, 31, '', '', '', ''),
(62, 'Febrian Alyuswar, ST', '196908061996031003', 'Pembina', 'IV.a', 'Kasubdit Sumber Daya Energi', 3, 31, '', '', '', ''),
(63, 'Triantini, S.Sos, M.Si', '196301171983032003', 'Pembina', 'IV.a', 'Kasi Perencanaan Tata Guna Lahan', 4, 31, '', '', '', ''),
(64, 'Ir. Hardiansyah Deslitch Purba, M.Si', '196312161997031001', 'Pembina', 'IV.a', 'Kasi Pendayagunaan Tata Guna Lahan', 4, 31, '', '', '', ''),
(65, 'Drs. Hamdan Perdamaian, M.Si', '196601061996031001', 'Pembina', 'IV.a', 'Kasi Pemanfaatan Energi Non Terbarukan', 4, 31, '', '', '', ''),
(66, 'Drs. Royen Agustinus', '196408231987031001', 'Penata Tk.I', 'III.d', 'Kasi Peningkatan Lingkungan Hidup', 4, 31, '', '', '', ''),
(67, 'Asia Soraya, ST', '196805102000032005', 'Penata Tk.I', 'III.d', 'Kasi Pemanfaatan Energi Terbarukan', 4, 31, '', '', '', ''),
(68, 'Kartikasari Diah Kusumawati, SE', '197907082007011001', 'Penata', 'III.c', 'Kasubag Tata Usaha', 4, 31, '', '', '', ''),
(69, 'Danny M.M. Pora, SSTP', '198105162000121001', 'Penata', 'III.c', 'Kasi Sumber Daya Hayati Berbasis Daratan', 4, 31, '', '', '', ''),
(70, 'Firdaus, SE', '196311181986031002', 'Penata', 'III.c', 'Kasi Sumber Daya Hayati Berbasis Maritim', 4, 31, '', '', '', ''),
(71, 'Pur Andriyanto, S.Sos, M.Si', '197602212006041006', 'Penata', 'III.c', 'Kasi Pengembangan Potensi Pariwisata', 4, 31, '', '', '', ''),
(72, 'Rudi Purhartono, SE', '197504132009021001', 'Penata Muda Tk.I', 'III.b', 'Kasi Pelestarian Lingkungan Hidup', 4, 31, '', '', '', ''),
(73, 'Renny Indria Anggraini, S.Si', '198407262015042002', 'Penata Muda', 'III.a', 'Fungsional Umum Direktorat PSDLH', 0, 31, '', '', '', ''),
(74, 'Moch. Syaiful Mu''arif, S.Si', '198409142015031003', 'Penata Muda', 'III.a', 'Fungsional Umum Direktorat PSDLH', 0, 31, '', '', '', ''),
(75, 'Mila Meilawati, S.P', '198205212015032002', 'Penata Muda', 'III.a', 'Fungsional Umum Direktorat PSDLH', 0, 31, '', '', '', ''),
(76, 'Noviar Luthfi, Dipl, ATP', '195711261977031001', 'Pembina Utama Madya', 'IV.d', 'Direktur Peningkatan Sarana dan Prasarana', 2, 29, '', '', '', ''),
(77, 'Ir. Nur Asyaf Abdullah, MM', '196301081992031006', 'Pembina TK.I', 'IV.b', 'Kasubdit Sarana dan Prasarana Informasi dan Telekomunikasi', 3, 29, '', '', '', ''),
(78, 'Muh. Naser, SH', '196001271986031001', 'Pembina TK.I', 'IV.b', 'Kasubdit Sarana dan Prasarana Ekonomi', 3, 29, '', '', '', ''),
(79, 'Drs. Aji Komara', '196405111986031001', 'Pembina TK.I', 'IV.b', 'Kasubdit Sarana dan Prasarana Air Bersih dan Pemukiman', 3, 29, '', '', '', ''),
(80, 'Mohamad Iqbal, S.Sos. M.Si', '197201231992031004', 'Pembina', 'IV.a', 'Kasi Energi Baru Terbarukan Non Nabati', 4, 29, '', '', '', ''),
(81, 'Mansyur Tiro, ST,M.Si', '196604051996031001', 'Pembina', 'IV.a', 'Kasubdit Sarana dan Prasarana Energi', 3, 29, '', '', '', ''),
(82, 'Anang Herrypurwanto, SE', '196307271990031001', 'Pembina', 'IV.a', 'Kasubdit Sarana dan Prasarana Transportasi', 3, 29, '', '', '', ''),
(83, 'Prayitno, SE', '196204201988011001', 'Penata Tk.I', 'III.d', 'Kasi Air Bersih', 4, 29, '', '', '', ''),
(84, 'Drs. Ktut Beny Ricardo Putrayasa', '196804261988031002', 'Penata Tk.I', 'III.d', 'Kasi Transpotasi Darat', 4, 29, '', '', '', ''),
(85, 'Samuel Thanelab Sine, SE.MAB', '197406021999031008', 'Penata Tk.I', 'III.d', 'Kasi Industri dan Perdagangan', 4, 29, '', '', '', ''),
(86, 'Ery Kurniawan, SH', '1976012822011021001', 'Penata Muda Tk.I', 'III.b', 'Kasi Pertanian, Kelautan & Perikanan', 4, 29, '', '', '', ''),
(87, 'Katarina Purnawarini, S.Sos', '197303242006042006', 'Penata Muda Tk.I', 'III.b', 'Fungsional Umum Pada Seksi Transportasi Laut dan Udara', 0, 29, '', '', '', ''),
(88, 'Asnawir Hasan, SAB', '198204292006041004', 'Penata Muda Tk.I', 'III.b', 'Kasi Transportasi Laut dan Udara', 4, 29, '', '', '', ''),
(89, 'Handoko Noorimansyah, S.Ikom', '198609122011021001', 'Penata Muda Tk.I', 'III.b', 'Kasi Pemukiman', 4, 29, '', '', '', ''),
(90, 'Nanang Soemantri, S.Sos, MM', '196910201995121001', 'Penata Muda Tk.I', 'III.b', 'Kasi Jaringan Informasi', 4, 29, '', '', '', ''),
(91, 'Rafles Eben Ezer Lingga, ST', '19791030201102101', 'Penata Muda Tk.I', 'III.b', 'Kasi Komunikasi', 4, 29, '', '', '', ''),
(92, 'Khitthatun Nafiah, SKM, M.Si', '198612302011022003', 'Penata Muda Tk.I', 'III.b', 'Kasi Energi Baru Terbarukan Nabati', 4, 29, '', '', '', ''),
(93, 'Fajar Cahyono, S.Pt', '198504222015031002', 'Penata Muda', 'III.a', 'Staff Fungsional Umum Pada Seksi Baru Terbarukan Nabati', 0, 29, '', '', '', ''),
(94, 'Annisa Hamdillah, ST', '19904242015042002', 'Penata Muda', 'III.a', 'Staff Direktur Peningkatan Sarana dan Prasarana', 0, 29, '', '', '', ''),
(95, 'Edy Wibowo, ST', '198610242014031001', 'Penata Muda', 'III.a', 'Staff Direktur Peningkatan Sarana dan Prasarana', 0, 29, '', '', '', ''),
(96, 'Nuzurur Rohman', '197111151997031001', 'Penata Muda', 'III.a', 'Fungsional Umum Pada Seksi Industri dan Perdagangan Sarpras', 0, 29, '', '', '', ''),
(97, 'Idhar, SE', '197212082009021001', 'Penata Muda', 'III.a', 'Fungsional Umum Pada Seksi Industri dan Perdagangan Sarpras', 0, 29, '', '', '', ''),
(98, 'Drs. Muhammad Nur, MM', '19660425199031001', 'Pembina TK.I', 'IV.b', 'Direktur Pengembangan Ekonomi Lokal', 2, 32, '', '', '', ''),
(99, 'Berlian Anugrahini K, SE, MM', '196405301990032001', 'Pembina TK.I', 'IV.b', 'Kasubdit Potensi Produk Unggulan', 3, 32, '', '', '', ''),
(100, 'Ir. Agus Dwi Lesmono', '196102091990031001', 'Pembina', 'IV.a', 'Kasubdit Industri, Distribusi, dan Pemasaran', 3, 32, '', '', '', ''),
(101, 'Dwi Rudi Hartoyo, S.Sos, M.Si', '197504041993111001', 'Pembina', 'IV.a', 'Kasubdit Kemitraan Usaha', 3, 32, '', '', '', ''),
(102, 'Suprihandi, S.IP, MM', '195906221095021001', 'Pembina', 'IV.a', 'Kasubdit Investasi dan Permodalan', 3, 32, '', '', '', ''),
(103, 'Sudarwaty, S.Sos, M.Si', '195908211986032001', 'Pembina', 'IV.a', 'Kasi Pengembangan Produk Unggulan', 3, 32, '', '', '', ''),
(104, 'Aminuddin Farrick', '196511101995011001', 'Pembina', 'IV.a', 'Kasubdit Kopersai, Usaha Mikro Kecil dan Menengah', 3, 32, '', '', '', ''),
(105, 'Mufti Inti Priyanto', '196004111981021001', 'Penata Tk.I', 'III.d', 'Fungsional Umum Seksi Evaluasi dan Pelaporan', 0, 32, '', '', '', ''),
(106, 'Threesje Muntuan, S.Sos', '196406121988082001', 'Penata Tk.I', 'III.d', 'Kasi Distribusi dan Pemasaran', 4, 32, '', '', '', ''),
(107, 'Suparti ', '196107161983032007', 'Penata Tk.I', 'III.d', 'Kasubag Tata Usaha', 4, 32, '', '', '', ''),
(108, 'Agus Tri Widodo, S.Sos', '196408031986031002', 'Penata Tk.I', 'III.d', 'Kasi Industri', 4, 32, '', '', '', ''),
(109, 'Ir. Laode Abdul Syukur', '196612111992031001', 'Penata Tk.I', 'III.d', 'Kasi Koperasi', 4, 32, '', '', '', ''),
(110, 'Siswanto, A.Md', '195912041980121001', 'Penata Tk.I', 'III.d', 'Kasi Usaha Mikro Kecil dan Menengah', 4, 32, '', '', '', ''),
(111, 'Prayitno, SE', '197304251997031001', 'Penata', 'III.c', 'Kasi Identifikasi dan Analisis Potensi Produk Unggulan', 4, 32, '', '', '', ''),
(112, 'Baharlin, S.Ip', '197409012005011002', 'Penata', 'III.c', 'Kasi Identifikasi Usaha', 4, 32, '', '', '', ''),
(113, 'Drs. Syakir, AP, M.Si', '197510061994121001', 'Penata', 'III.c', 'Staf Distribusi dan Pemasaran', 0, 32, '', '', '', ''),
(114, 'Fince D. Hasibuan, SSTP, M.Si', '197712021996122001', 'Penata', 'III.c', 'Kasi Investasi', 4, 32, '', '', '', ''),
(115, 'Cohen Beddy Tunliu, SH', '197204201994031010', 'Penata Muda Tk.I', 'III.b', 'Kasi Permodalan', 4, 32, '', '', '', ''),
(116, 'Yayak Hidayat, S.Pi', '198104152015031002', 'Penata Muda', 'III.a', 'Staf, Industri, Distribusi dan Pemasaran', 4, 32, '', '', '', ''),
(117, 'Ike Herdiani, SE', '198210152014032002', 'Penata Muda', 'III.a', 'Staff Usaha Mikro Kecil dan Menengah', 0, 32, '', '', '', ''),
(118, 'Susi Yustina, A.Md', '198702272011022001', 'Pengatur Tk.I', 'II.d', 'Staf Pengembangan Ekonomi Lokal', 0, 32, '', '', '', ''),
(119, 'Dewi Supriyati, SE', '198410142006042001', 'Pengatur', 'II.c', 'Staff Potensi Produk Unggul', 0, 32, '', '', '', '');

-- --------------------------------------------------------

--
-- Table structure for table `tb_penerima`
--

CREATE TABLE `tb_penerima` (
  `id` int(11) NOT NULL,
  `idsurat` int(11) NOT NULL,
  `idpegawai` int(11) DEFAULT NULL,
  `penerimasebagai` int(11) NOT NULL,
  `namapenerima` varchar(250) NOT NULL,
  `jabatan` varchar(250) NOT NULL,
  `status_aktif` int(11) NOT NULL,
  `status_terima` int(11) NOT NULL,
  `iddirektorat` int(11) NOT NULL
) ENGINE=InnoDB DEFAULT CHARSET=latin1;

--
-- Dumping data for table `tb_penerima`
--

INSERT INTO `tb_penerima` (`id`, `idsurat`, `idpegawai`, `penerimasebagai`, `namapenerima`, `jabatan`, `status_aktif`, `status_terima`, `iddirektorat`) VALUES
(1, 30, 9, 1, 'Abdul Wahid, S.H., M.Si', 'Direktur Perencanaan dan Identifikasi Daerah Tertinggal', 1, 0, 0),
(2, 30, 2, 2, 'Singgih Wiranto, SH.M.Hum', 'Direktur Jendral Pembangunan Daerah Tertinggal', 1, 1, 0),
(23, 41, 9, 1, '', '', 0, 0, 21),
(24, 41, 2, 2, '', '', 0, 0, 15),
(25, 42, 9, 1, '', '', 1, 1, 21),
(26, 42, 2, 2, '', '', 1, 0, 15),
(29, 45, 3, 1, 'Ir. Razali, M. Si', 'Sesditjen Ditjen PDT Kemendesa PDTT', 1, 1, 30),
(32, 47, 6, 1, 'M.D. Supriyadi, S.H.', 'Kabag Kepegawaian dan Umum', 1, 0, 30),
(33, 47, 10, 2, 'Drs. Priyono, M.SC', 'Direktur Pengembengan Sumber Daya Manusia', 1, 1, 26),
(34, 48, 9, 1, 'Abdul Wahid, S.H., M.Si', 'Direktur Perencanaan dan Identifikasi Daerah Tertinggal', 1, 0, 21),
(35, 48, 2, 2, 'Singgih Wiranto, SH.M.Hum', 'Direktur Jendral Pembangunan Daerah Tertinggal', 1, 0, 15),
(47, 55, 2, 1, 'Singgih Wiranto, SH.M.Hum', 'Direktur Jendral Pembangunan Daerah Tertinggal', 1, 1, 15);

-- --------------------------------------------------------

--
-- Table structure for table `tb_perkembangan`
--

CREATE TABLE `tb_perkembangan` (
  `id` int(11) NOT NULL,
  `perkembangan` varchar(150) NOT NULL,
  `createddate` date NOT NULL,
  `createdby` varchar(100) NOT NULL,
  `modifieddate` date NOT NULL,
  `modifiedby` varchar(100) NOT NULL
) ENGINE=InnoDB DEFAULT CHARSET=latin1;

--
-- Dumping data for table `tb_perkembangan`
--

INSERT INTO `tb_perkembangan` (`id`, `perkembangan`, `createddate`, `createdby`, `modifieddate`, `modifiedby`) VALUES
(10, 'Asli', '2016-11-16', 'Administrator Pusat', '2016-11-16', 'Administrator Pusat'),
(11, 'Kopi', '2016-11-16', 'Administrator Pusat', '2016-11-16', 'Administrator Pusat'),
(12, 'test', '2016-11-16', 'Administrator Pusat', '0000-00-00', '');

-- --------------------------------------------------------

--
-- Table structure for table `tb_riwayatagendamasuk`
--

CREATE TABLE `tb_riwayatagendamasuk` (
  `id` int(11) NOT NULL,
  `idsurat` int(11) NOT NULL,
  `tanggal` date NOT NULL,
  `diprosesoleh` varchar(200) NOT NULL,
  `dilakukan` varchar(200) NOT NULL,
  `iddirektorat` int(11) NOT NULL
) ENGINE=InnoDB DEFAULT CHARSET=latin1;

--
-- Dumping data for table `tb_riwayatagendamasuk`
--

INSERT INTO `tb_riwayatagendamasuk` (`id`, `idsurat`, `tanggal`, `diprosesoleh`, `dilakukan`, `iddirektorat`) VALUES
(1, 45, '2016-12-01', 'Usep Supriyatna', 'Surat Di Terima', 30);

-- --------------------------------------------------------

--
-- Table structure for table `tb_role`
--

CREATE TABLE `tb_role` (
  `id` int(11) NOT NULL,
  `rolename` varchar(200) NOT NULL
) ENGINE=InnoDB DEFAULT CHARSET=latin1;

--
-- Dumping data for table `tb_role`
--

INSERT INTO `tb_role` (`id`, `rolename`) VALUES
(1, 'Setting User'),
(2, 'Konsep Surat'),
(3, 'Disposisi'),
(4, 'Kirim Surat'),
(5, 'Persetujuan'),
(6, 'Batalkan Surat'),
(7, 'Terima Surat');

-- --------------------------------------------------------

--
-- Table structure for table `tb_satuankerja`
--

CREATE TABLE `tb_satuankerja` (
  `id` int(11) NOT NULL,
  `direktorat` varchar(250) NOT NULL,
  `createddate` date NOT NULL,
  `createdby` varchar(100) NOT NULL,
  `modifieddate` date NOT NULL,
  `modifiedby` varchar(100) NOT NULL
) ENGINE=InnoDB DEFAULT CHARSET=latin1;

--
-- Dumping data for table `tb_satuankerja`
--

INSERT INTO `tb_satuankerja` (`id`, `direktorat`, `createddate`, `createdby`, `modifieddate`, `modifiedby`) VALUES
(15, 'DIREKTORAT JENDERAL PEMBANGUNAN DAERAH TERTINGGAL DAN TRANSMIGRASI', '2016-11-22', 'Administrator Pusat', '2016-11-26', 'Staff Dirjen'),
(21, 'DIREKTORAT PERENCANAAN DAN IDENTIFIKASI DAERAH TERTINGGAL', '2016-11-26', 'Staff Dirjen', '0000-00-00', ''),
(26, 'DIREKTORAT PENGEMBANGAN SUMBER DAYA MANUSIA', '2016-11-26', 'Staff Dirjen', '0000-00-00', ''),
(29, 'DIREKTORAT PENINGKATAN SARANA DAN PRASARANA', '2016-11-26', 'Ir. Razali, M.si', '0000-00-00', ''),
(30, 'SEKRETARIAT DITJEN PEMBANGUNAN DAERAH TERTINGGAL', '0000-00-00', '', '0000-00-00', ''),
(31, 'DIREKTORAT PENGEMBANGAN SUMBER DAYA DAN LINGKUNGAN HIDUP', '0000-00-00', '', '0000-00-00', ''),
(32, 'DIREKTORAT PENGEMBANGAN EKONOMI LOKAL', '0000-00-00', '', '0000-00-00', '');

-- --------------------------------------------------------

--
-- Table structure for table `tb_satuanunit`
--

CREATE TABLE `tb_satuanunit` (
  `id` int(11) NOT NULL,
  `satuanunit` varchar(150) NOT NULL,
  `createddate` date NOT NULL,
  `createdby` varchar(100) NOT NULL,
  `modifieddate` date NOT NULL,
  `modifiedby` varchar(100) NOT NULL
) ENGINE=InnoDB DEFAULT CHARSET=latin1;

--
-- Dumping data for table `tb_satuanunit`
--

INSERT INTO `tb_satuanunit` (`id`, `satuanunit`, `createddate`, `createdby`, `modifieddate`, `modifiedby`) VALUES
(15, 'Halaman', '2016-11-16', 'Administrator Pusat', '0000-00-00', ''),
(16, 'Lembaran', '2016-11-16', 'Administrator Pusat', '2016-11-16', 'Administrator Pusat');

-- --------------------------------------------------------

--
-- Table structure for table `tb_sifatarsip`
--

CREATE TABLE `tb_sifatarsip` (
  `id` int(11) NOT NULL,
  `sifatarsip` varchar(150) NOT NULL,
  `createddate` date NOT NULL,
  `createdby` varchar(100) NOT NULL,
  `modifieddate` date NOT NULL,
  `modifiedby` varchar(100) NOT NULL
) ENGINE=InnoDB DEFAULT CHARSET=latin1;

--
-- Dumping data for table `tb_sifatarsip`
--

INSERT INTO `tb_sifatarsip` (`id`, `sifatarsip`, `createddate`, `createdby`, `modifieddate`, `modifiedby`) VALUES
(10, 'Rahasia Biasa', '2016-11-16', 'Administrator Pusat', '2016-11-16', 'Administrator Pusat'),
(11, 'Rahasia Umum', '2016-11-16', 'Administrator Pusat', '0000-00-00', '');

-- --------------------------------------------------------

--
-- Table structure for table `tb_surat`
--

CREATE TABLE `tb_surat` (
  `id` int(11) NOT NULL,
  `no_surat` varchar(100) NOT NULL,
  `jenis_surat` varchar(100) NOT NULL,
  `status_surat` varchar(100) NOT NULL,
  `tanggal_surat` date DEFAULT NULL,
  `hal` text NOT NULL,
  `isi_surat` text NOT NULL,
  `template_surat` varchar(100) NOT NULL,
  `nama_file` varchar(250) NOT NULL,
  `createddate` datetime NOT NULL,
  `modifieddate` datetime NOT NULL,
  `modifiedby` varchar(100) NOT NULL,
  `idusercreated` int(11) NOT NULL,
  `createdbysatker` varchar(100) NOT NULL,
  `atasnama_idpegawai` int(11) NOT NULL,
  `namapengirim` varchar(250) NOT NULL,
  `jabatanpengirim` varchar(250) NOT NULL,
  `cekbyeselon4` int(11) NOT NULL,
  `statcekbyeselon4` int(11) NOT NULL,
  `cekbyeselon3` int(11) NOT NULL,
  `statcekbyeselon3` int(11) NOT NULL,
  `cekbyeselon2` int(11) NOT NULL,
  `statcekbyeselon2` int(11) NOT NULL,
  `cekbyeselon1` int(11) NOT NULL,
  `statcekbyeselon1` int(11) NOT NULL,
  `statusapproval` varchar(100) NOT NULL,
  `iddirektorat` int(11) NOT NULL
) ENGINE=InnoDB DEFAULT CHARSET=latin1;

--
-- Dumping data for table `tb_surat`
--

INSERT INTO `tb_surat` (`id`, `no_surat`, `jenis_surat`, `status_surat`, `tanggal_surat`, `hal`, `isi_surat`, `template_surat`, `nama_file`, `createddate`, `modifieddate`, `modifiedby`, `idusercreated`, `createdbysatker`, `atasnama_idpegawai`, `namapengirim`, `jabatanpengirim`, `cekbyeselon4`, `statcekbyeselon4`, `cekbyeselon3`, `statcekbyeselon3`, `cekbyeselon2`, `statcekbyeselon2`, `cekbyeselon1`, `statcekbyeselon1`, `statusapproval`, `iddirektorat`) VALUES
(30, '', 'Surat Perintah', 'Biasa', '0000-00-00', 'Surat Perintah Tugas', '', '', 'asset/dokumen/', '2016-11-26 14:35:11', '0000-00-00 00:00:00', '', 3, 'SEKRETARIAT DITJEN PEMBANGUNAN DAERAH TERTINGGAL', 3, '', '', 5, 1, 6, 1, 3, 1, 0, 0, 'Di Setujui', 30),
(41, '', 'Surat Undangan', 'Biasa', '0000-00-00', 'Surat Undangan', '<p>&lt;p&gt;Dengan hormat,&lt;br /&gt;<br />\n&lt;br /&gt;<br />\nSehubungan dengan akan berakhirnya tahun ajaran 2010/2014,kami selaku pengurus OSIS SMA Negeri 5 Surabaya memohon kehadiran perwakilan sekolah untuk mengikuti berbagai perlombaan yang akan diselenggarakan pada:&lt;br /&gt;<br />\n&lt;br /&gt;<br />\nhari : Senin,17 April 2014 - Kamis,20 April 2014&lt;br /&gt;<br />\nwaktu : Pukul 08.00 WIB s/d selesai&lt;br /&gt;<br />\ntempat : Lapangan SMA Negeri 5 Surabaya&lt;br /&gt;<br />\nacara : PORSENI (Pekan Olahraga dan Seni)&lt;br /&gt;<br />\n&lt;br /&gt;<br />\nKarena cukup pentingnya acara tersebut,kami mengharapkan kedatangan para perwakilan sekolah dan dapat hadir tepat waktu.&lt;br /&gt;<br />\n&amp;nbsp;&lt;/p&gt;<br />\n&nbsp;</p>\n', '1', '', '2016-12-01 14:39:19', '0000-00-00 00:00:00', '', 3, 'SEKRETARIAT DITJEN PEMBANGUNAN DAERAH TERTINGGAL', 3, '', '', 5, 1, 6, 1, 3, 1, 0, 0, 'Di Setujui', 30),
(42, '1233123123', 'Surat Undangan', 'Segera', '2016-12-07', 'Surat Undangan', '<p>&lt;p&gt;&amp;lt;p&amp;gt;Dengan hormat,&amp;lt;br /&amp;gt;&lt;br /&gt;<br />\r\n&amp;lt;br /&amp;gt;&lt;br /&gt;<br />\r\nSehubungan dengan akan berakhirnya tahun ajaran 2010/2014,kami selaku pengurus OSIS SMA Negeri 5 Surabaya memohon kehadiran perwakilan sekolah untuk mengikuti berbagai perlombaan yang akan diselenggarakan pada:&amp;lt;br /&amp;gt;&lt;br /&gt;<br />\r\n&amp;lt;br /&amp;gt;&lt;br /&gt;<br />\r\nhari : Senin,17 April 2014 - Kamis,20 April 2014&amp;lt;br /&amp;gt;&lt;br /&gt;<br />\r\nwaktu : Pukul 08.00 WIB s/d selesai&amp;lt;br /&amp;gt;&lt;br /&gt;<br />\r\ntempat : Lapangan SMA Negeri 5 Surabaya&amp;lt;br /&amp;gt;&lt;br /&gt;<br />\r\nacara : PORSENI (Pekan Olahraga dan Seni)&amp;lt;br /&amp;gt;&lt;br /&gt;<br />\r\n&amp;lt;br /&amp;gt;&lt;br /&gt;<br />\r\nKarena cukup pentingnya acara tersebut,kami mengharapkan kedatangan para perwakilan sekolah dan dapat hadir tepat waktu.&amp;lt;br /&amp;gt;&lt;br /&gt;<br />\r\n&amp;amp;nbsp;&amp;lt;/p&amp;gt;&lt;br /&gt;<br />\r\n&amp;nbsp;&lt;/p&gt;<br />\r\n&nbsp;</p>\r\n', '1', '', '2016-12-01 14:56:09', '0000-00-00 00:00:00', '', 3, 'SEKRETARIAT DITJEN PEMBANGUNAN DAERAH TERTINGGAL', 3, '', '', 5, 1, 6, 1, 3, 1, 0, 0, 'Sudah Di kirim', 30),
(45, '0121/SD-ND/XII/2016', 'Surat Undangan', 'Segera', '2016-12-01', 'Surat Undangan Rapat', '<p>Surat Undangan Rapat</p>\r\n', '1', '', '2016-12-01 22:21:31', '0000-00-00 00:00:00', '', 11, 'DIREKTORAT PENGEMBANGAN SUMBER DAYA MANUSIA', 10, '', '', 14, 1, 13, 1, 10, 1, 0, 0, 'Sudah Di kirim', 26),
(47, '01/CUTI/2016', 'Nota Dinas', 'Biasa', '2016-12-07', 'Surat Izin Cuti', '<p>Gue Cuti Ya Bro</p>\r\n', '1', '', '2016-12-02 14:22:27', '0000-00-00 00:00:00', '', 11, 'DIREKTORAT PENGEMBANGAN SUMBER DAYA MANUSIA', 14, '', '', 14, 1, 0, 0, 0, 0, 0, 0, 'Sudah Di kirim', 26),
(48, '0123/SD-ND/XII/2016', 'Surat Undangan', 'Biasa', '2016-12-01', 'Undangan Rapat Kerja Direktorat', '<p style="text-align:justify">Salam hormat,</p>\n\n<p style="text-align:justify"><br />\nSegala puji dan syukur kepada Tuhan yang Maha Esa karena atas rahmat&shy;Nyalah kita berada dalam keadaansehat dan selalu mendapat perlindungan dari&shy;Nya.Sehubungan dengan akan dilaksankannya Acara Kopar Gabungan Bloger Se Indonesia, kami selaku panitia mengudang seluruh Anggota Grobak Seo Team untuk menghadiri rapat pada :</p>\n\n<p style="text-align:justify">&nbsp;</p>\n\n<p style="margin-left: 40px;">Hari/Tanggal :<br />\nWaktu :<br />\nTempat :</p>\n\n<p>&nbsp;</p>\n\n<p>Demikian undangan ini kami sampaikan, mengingat pentingnya acara ini maka kehadiran Bapak/Ibu<br />\nselaku karyawan PT. Bintang jatuh untuk hadir tepat pada waktunya. Atas perhatiannya, kami ucapkan terima kasih.</p>\n', '12', '', '2016-12-02 18:15:38', '0000-00-00 00:00:00', '', 3, 'SEKRETARIAT DITJEN PEMBANGUNAN DAERAH TERTINGGAL', 3, '', '', 5, 1, 6, 1, 3, 1, 0, 0, 'Sudah Di kirim', 30),
(55, '02/xxx/XI/2016', 'Surat Undangan', 'Segera', '2016-12-01', 'rapat', '', '', 'asset/dokumen/panduan_global.pdf', '0000-00-00 00:00:00', '0000-00-00 00:00:00', '', 0, '', 0, 'ditjen pmd', '', 0, 0, 0, 0, 0, 0, 0, 0, 'Sudah Di kirim', 0);

-- --------------------------------------------------------

--
-- Table structure for table `tb_surat_old`
--

CREATE TABLE `tb_surat_old` (
  `id` int(11) NOT NULL,
  `no_surat` varchar(100) NOT NULL,
  `jenis_surat` varchar(100) NOT NULL,
  `status_surat` varchar(100) NOT NULL,
  `tanggal_surat` date NOT NULL,
  `asal_surat` varchar(100) NOT NULL,
  `no_unit_kerja` varchar(100) NOT NULL,
  `no_agenda` varchar(100) NOT NULL,
  `hal` text NOT NULL,
  `id_berkas` varchar(100) NOT NULL,
  `id_kepada` varchar(100) NOT NULL,
  `id_tembusan` varchar(100) NOT NULL,
  `createddate` datetime NOT NULL,
  `createdby` varchar(100) NOT NULL,
  `modifieddate` datetime NOT NULL,
  `modifiedby` varchar(100) NOT NULL
) ENGINE=InnoDB DEFAULT CHARSET=latin1;

--
-- Dumping data for table `tb_surat_old`
--

INSERT INTO `tb_surat_old` (`id`, `no_surat`, `jenis_surat`, `status_surat`, `tanggal_surat`, `asal_surat`, `no_unit_kerja`, `no_agenda`, `hal`, `id_berkas`, `id_kepada`, `id_tembusan`, `createddate`, `createdby`, `modifieddate`, `modifiedby`) VALUES
(4, '', 'Nota Dinas', '', '2016-11-02', '', 'DIREKTORAT PENGEMBANGAN SUMBER DAYA DAN LINGKUNGAN HIDUP', '1', 'Undangan rapat', '', '2', '7', '2016-11-21 21:21:58', 'Admin Pejabat Struktural', '2016-11-21 21:23:20', 'Admin Pejabat Struktural');

-- --------------------------------------------------------

--
-- Table structure for table `tb_templatedokumen`
--

CREATE TABLE `tb_templatedokumen` (
  `id` int(11) NOT NULL,
  `file` varchar(250) NOT NULL,
  `keterangan` varchar(100) NOT NULL,
  `createddate` datetime NOT NULL,
  `createdby` varchar(100) NOT NULL,
  `modifieddate` datetime NOT NULL,
  `modifiedby` varchar(100) NOT NULL
) ENGINE=InnoDB DEFAULT CHARSET=latin1;

--
-- Dumping data for table `tb_templatedokumen`
--

INSERT INTO `tb_templatedokumen` (`id`, `file`, `keterangan`, `createddate`, `createdby`, `modifieddate`, `modifiedby`) VALUES
(1, 'KONFIGURASI_GAMMU_DAN_SMS_GATEWAY.docx', 'Keterangan', '2016-11-16 19:16:33', 'Administrator Pusat', '2016-11-16 19:21:35', 'Administrator Pusat'),
(2, 'FORMAT_1.xls', 'Format 1', '2016-11-16 19:34:39', 'Administrator Pusat', '0000-00-00 00:00:00', '');

-- --------------------------------------------------------

--
-- Table structure for table `tb_templatesurat`
--

CREATE TABLE `tb_templatesurat` (
  `id` int(11) NOT NULL,
  `templatesurat` varchar(150) NOT NULL,
  `createddate` date NOT NULL,
  `createdby` varchar(100) NOT NULL,
  `modifieddate` date NOT NULL,
  `modifiedby` varchar(100) NOT NULL
) ENGINE=InnoDB DEFAULT CHARSET=latin1;

--
-- Dumping data for table `tb_templatesurat`
--

INSERT INTO `tb_templatesurat` (`id`, `templatesurat`, `createddate`, `createdby`, `modifieddate`, `modifiedby`) VALUES
(12, 'Surat Undangan', '0000-00-00', '', '0000-00-00', ''),
(13, 'Surat Tugas', '0000-00-00', '', '0000-00-00', ''),
(14, 'Nota Dinas', '0000-00-00', '', '0000-00-00', ''),
(15, 'Surat Undangan Kartu', '0000-00-00', '', '0000-00-00', ''),
(16, 'Surat Kuasa', '0000-00-00', '', '0000-00-00', ''),
(17, 'Surat Kuasa Pejabat Eselelon I', '0000-00-00', '', '0000-00-00', ''),
(18, 'Surat Keterangan', '0000-00-00', '', '0000-00-00', ''),
(19, 'Surat Pengantar', '0000-00-00', '', '0000-00-00', ''),
(20, 'Pengumuman', '0000-00-00', '', '0000-00-00', '');

-- --------------------------------------------------------

--
-- Table structure for table `tb_unitkerja`
--

CREATE TABLE `tb_unitkerja` (
  `id` int(11) NOT NULL,
  `unitkerja` varchar(100) NOT NULL,
  `jabatan` varchar(100) NOT NULL,
  `id_jabatan` varchar(100) NOT NULL,
  `status_aktif` varchar(100) NOT NULL,
  `createddate` datetime NOT NULL,
  `createdby` varchar(100) NOT NULL,
  `modifieddate` datetime NOT NULL,
  `modifiedby` varchar(100) NOT NULL
) ENGINE=InnoDB DEFAULT CHARSET=latin1;

--
-- Dumping data for table `tb_unitkerja`
--

INSERT INTO `tb_unitkerja` (`id`, `unitkerja`, `jabatan`, `id_jabatan`, `status_aktif`, `createddate`, `createdby`, `modifieddate`, `modifiedby`) VALUES
(3, 'Unit Kearsipan', 'Jabatan', '14', 'Aktif', '2016-11-17 13:10:49', 'Administrator Pusat', '2016-11-17 13:16:19', 'Administrator Pusat');

-- --------------------------------------------------------

--
-- Table structure for table `tb_urgensi`
--

CREATE TABLE `tb_urgensi` (
  `id` int(11) NOT NULL,
  `urgensi` varchar(150) NOT NULL,
  `createddate` date NOT NULL,
  `createdby` varchar(100) NOT NULL,
  `modifieddate` date NOT NULL,
  `modifiedby` varchar(100) NOT NULL
) ENGINE=InnoDB DEFAULT CHARSET=latin1;

--
-- Dumping data for table `tb_urgensi`
--

INSERT INTO `tb_urgensi` (`id`, `urgensi`, `createddate`, `createdby`, `modifieddate`, `modifiedby`) VALUES
(13, 'Biasa', '2016-11-16', 'Administrator Pusat', '0000-00-00', ''),
(14, 'Segera', '2016-11-16', 'Administrator Pusat', '2016-11-16', 'Administrator Pusat');

-- --------------------------------------------------------

--
-- Table structure for table `tb_user`
--

CREATE TABLE `tb_user` (
  `id` int(11) NOT NULL,
  `id_pegawai` varchar(250) NOT NULL,
  `username` varchar(100) NOT NULL,
  `password` varchar(100) NOT NULL,
  `status` varchar(100) NOT NULL
) ENGINE=InnoDB DEFAULT CHARSET=latin1;

--
-- Dumping data for table `tb_user`
--

INSERT INTO `tb_user` (`id`, `id_pegawai`, `username`, `password`, `status`) VALUES
(1, '0', 'admin', 'admin', 'aktif'),
(2, '2', 'singgih001', 'admin', 'aktif'),
(3, '8', 'usep001', 'usep001', 'Aktif'),
(4, '5', 'yusrie001', 'yusrie001', 'aktif'),
(5, '6', 'supri001', 'supri001', 'aktif'),
(6, '3', 'razali001', 'razali001', 'aktif'),
(7, '11', 'alpin001', 'alpin001', 'aktif'),
(8, '12', 'siti001', 'siti001', 'aktif'),
(9, '9', 'abdul001', 'abdul001', 'aktif'),
(10, '10', 'priyono001', 'priyono001', 'aktif'),
(11, '15', 'purwanto001', 'purwanto001', 'aktif'),
(12, '14', 'dwi001', 'dwi001', 'aktif'),
(13, '13', 'herman001', 'herman001', 'aktif'),
(14, '4', 'sunardi001', 'sunardi001', 'aktif');

-- --------------------------------------------------------

--
-- Table structure for table `tb_userrole`
--

CREATE TABLE `tb_userrole` (
  `id` int(11) NOT NULL,
  `userid` int(11) NOT NULL,
  `roleid` int(11) NOT NULL
) ENGINE=InnoDB DEFAULT CHARSET=latin1;

--
-- Dumping data for table `tb_userrole`
--

INSERT INTO `tb_userrole` (`id`, `userid`, `roleid`) VALUES
(2, 1, 1),
(3, 1, 2),
(4, 1, 3),
(5, 1, 4),
(6, 1, 5),
(7, 2, 3),
(8, 4, 2),
(9, 3, 2),
(10, 4, 5),
(11, 5, 2),
(12, 5, 5),
(13, 6, 2),
(14, 6, 5),
(16, 7, 4),
(17, 8, 7),
(18, 15, 2),
(19, 11, 2),
(20, 11, 4),
(21, 12, 5),
(22, 13, 5),
(23, 10, 5),
(24, 11, 7),
(25, 3, 7),
(26, 13, 2),
(30, 6, 3),
(31, 9, 3),
(32, 4, 3),
(33, 5, 3),
(34, 14, 3),
(35, 2, 5);

--
-- Indexes for dumped tables
--

--
-- Indexes for table `tb_agenda`
--
ALTER TABLE `tb_agenda`
  ADD PRIMARY KEY (`id`);

--
-- Indexes for table `tb_approval`
--
ALTER TABLE `tb_approval`
  ADD PRIMARY KEY (`id`);

--
-- Indexes for table `tb_berkas`
--
ALTER TABLE `tb_berkas`
  ADD PRIMARY KEY (`id`);

--
-- Indexes for table `tb_disposisi`
--
ALTER TABLE `tb_disposisi`
  ADD PRIMARY KEY (`id`);

--
-- Indexes for table `tb_isidisposisi`
--
ALTER TABLE `tb_isidisposisi`
  ADD PRIMARY KEY (`id`);

--
-- Indexes for table `tb_jabatan`
--
ALTER TABLE `tb_jabatan`
  ADD PRIMARY KEY (`id`);

--
-- Indexes for table `tb_jenissurat`
--
ALTER TABLE `tb_jenissurat`
  ADD PRIMARY KEY (`id`);

--
-- Indexes for table `tb_klasifikasi`
--
ALTER TABLE `tb_klasifikasi`
  ADD PRIMARY KEY (`id`);

--
-- Indexes for table `tb_log`
--
ALTER TABLE `tb_log`
  ADD PRIMARY KEY (`id`);

--
-- Indexes for table `tb_login`
--
ALTER TABLE `tb_login`
  ADD PRIMARY KEY (`ID`);

--
-- Indexes for table `tb_master_disposisi`
--
ALTER TABLE `tb_master_disposisi`
  ADD PRIMARY KEY (`id`);

--
-- Indexes for table `tb_mediaarsip`
--
ALTER TABLE `tb_mediaarsip`
  ADD PRIMARY KEY (`id`);

--
-- Indexes for table `tb_pegawai`
--
ALTER TABLE `tb_pegawai`
  ADD PRIMARY KEY (`id`);

--
-- Indexes for table `tb_penerima`
--
ALTER TABLE `tb_penerima`
  ADD PRIMARY KEY (`id`);

--
-- Indexes for table `tb_perkembangan`
--
ALTER TABLE `tb_perkembangan`
  ADD PRIMARY KEY (`id`);

--
-- Indexes for table `tb_riwayatagendamasuk`
--
ALTER TABLE `tb_riwayatagendamasuk`
  ADD PRIMARY KEY (`id`);

--
-- Indexes for table `tb_role`
--
ALTER TABLE `tb_role`
  ADD PRIMARY KEY (`id`);

--
-- Indexes for table `tb_satuankerja`
--
ALTER TABLE `tb_satuankerja`
  ADD PRIMARY KEY (`id`);

--
-- Indexes for table `tb_satuanunit`
--
ALTER TABLE `tb_satuanunit`
  ADD PRIMARY KEY (`id`);

--
-- Indexes for table `tb_sifatarsip`
--
ALTER TABLE `tb_sifatarsip`
  ADD PRIMARY KEY (`id`);

--
-- Indexes for table `tb_surat`
--
ALTER TABLE `tb_surat`
  ADD PRIMARY KEY (`id`);

--
-- Indexes for table `tb_surat_old`
--
ALTER TABLE `tb_surat_old`
  ADD PRIMARY KEY (`id`);

--
-- Indexes for table `tb_templatedokumen`
--
ALTER TABLE `tb_templatedokumen`
  ADD PRIMARY KEY (`id`);

--
-- Indexes for table `tb_templatesurat`
--
ALTER TABLE `tb_templatesurat`
  ADD PRIMARY KEY (`id`);

--
-- Indexes for table `tb_unitkerja`
--
ALTER TABLE `tb_unitkerja`
  ADD PRIMARY KEY (`id`);

--
-- Indexes for table `tb_urgensi`
--
ALTER TABLE `tb_urgensi`
  ADD PRIMARY KEY (`id`);

--
-- Indexes for table `tb_user`
--
ALTER TABLE `tb_user`
  ADD PRIMARY KEY (`id`);

--
-- Indexes for table `tb_userrole`
--
ALTER TABLE `tb_userrole`
  ADD PRIMARY KEY (`id`);

--
-- AUTO_INCREMENT for dumped tables
--

--
-- AUTO_INCREMENT for table `tb_agenda`
--
ALTER TABLE `tb_agenda`
  MODIFY `id` int(11) NOT NULL AUTO_INCREMENT, AUTO_INCREMENT=67;
--
-- AUTO_INCREMENT for table `tb_approval`
--
ALTER TABLE `tb_approval`
  MODIFY `id` int(11) NOT NULL AUTO_INCREMENT, AUTO_INCREMENT=29;
--
-- AUTO_INCREMENT for table `tb_berkas`
--
ALTER TABLE `tb_berkas`
  MODIFY `id` int(11) NOT NULL AUTO_INCREMENT, AUTO_INCREMENT=3;
--
-- AUTO_INCREMENT for table `tb_disposisi`
--
ALTER TABLE `tb_disposisi`
  MODIFY `id` int(11) NOT NULL AUTO_INCREMENT, AUTO_INCREMENT=42;
--
-- AUTO_INCREMENT for table `tb_isidisposisi`
--
ALTER TABLE `tb_isidisposisi`
  MODIFY `id` int(11) NOT NULL AUTO_INCREMENT;
--
-- AUTO_INCREMENT for table `tb_jabatan`
--
ALTER TABLE `tb_jabatan`
  MODIFY `id` int(11) NOT NULL AUTO_INCREMENT, AUTO_INCREMENT=30;
--
-- AUTO_INCREMENT for table `tb_jenissurat`
--
ALTER TABLE `tb_jenissurat`
  MODIFY `id` int(11) NOT NULL AUTO_INCREMENT, AUTO_INCREMENT=6;
--
-- AUTO_INCREMENT for table `tb_klasifikasi`
--
ALTER TABLE `tb_klasifikasi`
  MODIFY `id` int(11) NOT NULL AUTO_INCREMENT, AUTO_INCREMENT=3;
--
-- AUTO_INCREMENT for table `tb_log`
--
ALTER TABLE `tb_log`
  MODIFY `id` int(11) NOT NULL AUTO_INCREMENT, AUTO_INCREMENT=548;
--
-- AUTO_INCREMENT for table `tb_login`
--
ALTER TABLE `tb_login`
  MODIFY `ID` int(11) NOT NULL AUTO_INCREMENT, AUTO_INCREMENT=29;
--
-- AUTO_INCREMENT for table `tb_master_disposisi`
--
ALTER TABLE `tb_master_disposisi`
  MODIFY `id` int(11) NOT NULL AUTO_INCREMENT, AUTO_INCREMENT=5;
--
-- AUTO_INCREMENT for table `tb_mediaarsip`
--
ALTER TABLE `tb_mediaarsip`
  MODIFY `id` int(11) NOT NULL AUTO_INCREMENT, AUTO_INCREMENT=10;
--
-- AUTO_INCREMENT for table `tb_pegawai`
--
ALTER TABLE `tb_pegawai`
  MODIFY `id` int(11) NOT NULL AUTO_INCREMENT, AUTO_INCREMENT=120;
--
-- AUTO_INCREMENT for table `tb_penerima`
--
ALTER TABLE `tb_penerima`
  MODIFY `id` int(11) NOT NULL AUTO_INCREMENT, AUTO_INCREMENT=48;
--
-- AUTO_INCREMENT for table `tb_perkembangan`
--
ALTER TABLE `tb_perkembangan`
  MODIFY `id` int(11) NOT NULL AUTO_INCREMENT, AUTO_INCREMENT=13;
--
-- AUTO_INCREMENT for table `tb_riwayatagendamasuk`
--
ALTER TABLE `tb_riwayatagendamasuk`
  MODIFY `id` int(11) NOT NULL AUTO_INCREMENT, AUTO_INCREMENT=2;
--
-- AUTO_INCREMENT for table `tb_role`
--
ALTER TABLE `tb_role`
  MODIFY `id` int(11) NOT NULL AUTO_INCREMENT, AUTO_INCREMENT=8;
--
-- AUTO_INCREMENT for table `tb_satuankerja`
--
ALTER TABLE `tb_satuankerja`
  MODIFY `id` int(11) NOT NULL AUTO_INCREMENT, AUTO_INCREMENT=33;
--
-- AUTO_INCREMENT for table `tb_satuanunit`
--
ALTER TABLE `tb_satuanunit`
  MODIFY `id` int(11) NOT NULL AUTO_INCREMENT, AUTO_INCREMENT=17;
--
-- AUTO_INCREMENT for table `tb_sifatarsip`
--
ALTER TABLE `tb_sifatarsip`
  MODIFY `id` int(11) NOT NULL AUTO_INCREMENT, AUTO_INCREMENT=12;
--
-- AUTO_INCREMENT for table `tb_surat`
--
ALTER TABLE `tb_surat`
  MODIFY `id` int(11) NOT NULL AUTO_INCREMENT, AUTO_INCREMENT=56;
--
-- AUTO_INCREMENT for table `tb_surat_old`
--
ALTER TABLE `tb_surat_old`
  MODIFY `id` int(11) NOT NULL AUTO_INCREMENT, AUTO_INCREMENT=5;
--
-- AUTO_INCREMENT for table `tb_templatedokumen`
--
ALTER TABLE `tb_templatedokumen`
  MODIFY `id` int(11) NOT NULL AUTO_INCREMENT, AUTO_INCREMENT=3;
--
-- AUTO_INCREMENT for table `tb_templatesurat`
--
ALTER TABLE `tb_templatesurat`
  MODIFY `id` int(11) NOT NULL AUTO_INCREMENT, AUTO_INCREMENT=21;
--
-- AUTO_INCREMENT for table `tb_unitkerja`
--
ALTER TABLE `tb_unitkerja`
  MODIFY `id` int(11) NOT NULL AUTO_INCREMENT, AUTO_INCREMENT=4;
--
-- AUTO_INCREMENT for table `tb_urgensi`
--
ALTER TABLE `tb_urgensi`
  MODIFY `id` int(11) NOT NULL AUTO_INCREMENT, AUTO_INCREMENT=15;
--
-- AUTO_INCREMENT for table `tb_user`
--
ALTER TABLE `tb_user`
  MODIFY `id` int(11) NOT NULL AUTO_INCREMENT, AUTO_INCREMENT=15;
--
-- AUTO_INCREMENT for table `tb_userrole`
--
ALTER TABLE `tb_userrole`
  MODIFY `id` int(11) NOT NULL AUTO_INCREMENT, AUTO_INCREMENT=36;
/*!40101 SET CHARACTER_SET_CLIENT=@OLD_CHARACTER_SET_CLIENT */;
/*!40101 SET CHARACTER_SET_RESULTS=@OLD_CHARACTER_SET_RESULTS */;
/*!40101 SET COLLATION_CONNECTION=@OLD_COLLATION_CONNECTION */;
